Relative_Compactness,Surface_Area,Wall_Area,Roof_Area,Overall_Height,Orientation,Glazing_Area,Glazing_Area_Distribution,Heating_Load
0.75,614.57,275.98,212.49,3.5,2,0.0,2,28.96
0.96,755.45,361.47,153.67,3.5,4,0.1,3,22.51
0.88,546.53,276.03,119.58,7.0,2,0.1,5,30.45
0.84,762.86,334.8,177.88,3.5,4,0.25,2,24.21
0.68,551.48,366.25,122.52,7.0,4,0.0,4,27.76
0.68,630.8,263.28,147.97,7.0,2,0.1,3,29.32
0.64,748.4,342.01,165.82,3.5,2,0.4,0,39.06
0.93,558.08,288.87,206.16,7.0,3,0.1,3,21.23
0.84,581.4,409.66,164.29,3.5,3,0.1,1,26.74
0.87,726.34,327.69,187.25,3.5,3,0.25,5,26.04
0.63,725.69,382.82,219.21,7.0,4,0.4,5,39.77
0.97,702.5,339.09,124.46,3.5,2,0.1,3,26.87
0.92,718.02,252.42,140.22,7.0,5,0.1,2,28.35
0.7,673.56,353.27,153.4,3.5,4,0.4,2,29.37
0.69,588.03,407.69,156.4,3.5,5,0.0,4,27.44
0.69,615.63,347.88,155.21,3.5,2,0.0,4,30.87
0.73,567.39,385.08,209.84,7.0,4,0.1,5,28.83
0.81,781.08,396.2,188.54,3.5,5,0.1,4,27.74
0.78,685.52,284.0,176.87,7.0,5,0.0,0,30.8
0.72,631.85,281.26,144.03,3.5,3,0.25,4,22.49
0.84,649.83,349.48,200.62,3.5,3,0.4,0,32.46
0.67,792.5,315.29,215.06,7.0,3,0.4,4,38.05
0.73,559.09,388.62,200.33,7.0,4,0.25,5,30.2
0.75,686.35,398.9,110.17,7.0,2,0.25,5,39.4
0.78,662.73,305.44,180.0,7.0,2,0.25,0,34.81
0.9,693.77,285.5,115.62,7.0,3,0.25,3,29.7
0.69,519.32,378.47,138.34,3.5,3,0.25,5,30.17
0.81,770.4,291.99,116.55,3.5,3,0.25,3,26.25
0.83,788.04,385.67,176.42,7.0,5,0.4,2,38.62
0.64,680.15,317.46,185.52,3.5,3,0.25,0,30.37
0.84,718.82,359.15,122.59,3.5,5,0.0,5,24.42
0.68,785.21,261.34,152.22,3.5,2,0.25,1,32.4
0.64,721.93,351.68,160.19,7.0,4,0.25,2,32.68
0.96,558.85,322.25,150.6,3.5,4,0.4,3,17.21
0.97,683.43,345.31,123.31,3.5,4,0.4,5,22.12
0.91,692.37,273.73,156.08,3.5,4,0.25,0,17.45
0.73,638.69,371.01,192.63,7.0,5,0.4,4,37.55
0.66,730.51,392.54,117.81,3.5,5,0.1,1,35.31
0.87,788.7,282.06,118.82,3.5,3,0.4,3,26.35
0.78,786.12,261.37,149.02,7.0,5,0.4,2,38.36
0.66,646.55,249.04,213.59,7.0,3,0.4,0,39.06
0.8,547.29,354.78,183.54,3.5,3,0.4,1,27.86
0.63,803.54,348.81,184.65,3.5,4,0.0,0,24.16
0.95,760.64,338.49,149.81,7.0,5,0.0,5,30.83
0.71,550.65,284.66,175.3,7.0,5,0.0,4,27.58
0.86,784.73,311.84,111.11,7.0,3,0.25,2,29.44
0.73,769.75,346.66,179.97,7.0,3,0.25,0,34.58
0.81,666.54,329.95,210.46,7.0,2,0.1,3,33.35
0.82,687.83,413.91,177.38,7.0,2,0.0,5,31.91
0.69,631.31,268.33,206.11,7.0,3,0.25,5,26.67
0.97,530.1,363.87,189.64,3.5,2,0.4,2,28.47
0.9,612.55,314.14,123.26,7.0,2,0.4,5,34.04
0.96,750.04,318.22,209.27,7.0,3,0.0,3,28.75
0.94,515.36,367.71,117.31,3.5,3,0.1,0,23.82
0.84,612.05,363.41,168.74,7.0,5,0.1,2,29.92
0.95,631.06,414.5,125.64,7.0,3,0.4,5,33.58
0.65,671.99,266.96,111.29,3.5,3,0.1,5,28.46
0.69,784.44,262.8,156.42,7.0,4,0.0,3,28.42
0.64,615.83,368.86,142.45,3.5,5,0.4,4,37.29
0.74,616.0,343.9,163.46,3.5,5,0.25,4,24.98
0.76,730.83,291.88,173.49,3.5,5,0.25,5,26.68
0.72,646.95,258.58,114.81,3.5,4,0.1,0,22.86
0.92,580.03,259.65,123.53,7.0,3,0.4,2,32.99
0.75,647.02,397.91,171.45,3.5,5,0.4,5,31.33
0.72,555.41,277.81,147.75,3.5,5,0.25,1,25.37
0.82,565.86,300.3,190.21,7.0,2,0.4,2,40.48
0.67,660.52,283.76,181.75,3.5,5,0.4,4,29.43
0.91,637.16,305.7,203.02,3.5,3,0.4,5,29.07
0.65,782.96,256.87,186.17,3.5,3,0.1,3,30.25
0.98,620.54,333.76,157.29,3.5,2,0.4,1,30.5
0.9,684.69,256.56,184.03,7.0,5,0.0,5,25.43
0.69,699.89,381.86,140.29,3.5,5,0.1,0,26.86
0.62,517.85,284.96,143.69,7.0,5,0.4,1,38.3
0.91,709.08,337.34,196.79,7.0,4,0.4,5,34.46
0.87,566.34,395.49,159.11,3.5,5,0.0,0,22.39
0.88,796.55,356.3,197.82,3.5,3,0.1,1,34.33
0.9,557.71,336.14,200.47,3.5,3,0.25,0,25.35
0.65,635.9,300.46,204.33,3.5,4,0.25,0,30.04
0.75,539.09,301.94,210.83,7.0,4,0.1,1,27.44
0.66,807.08,359.48,157.41,7.0,5,0.4,1,43.0
0.93,661.65,415.0,145.08,7.0,2,0.4,0,41.1
0.84,689.04,358.17,174.04,3.5,4,0.25,4,24.89
0.74,533.72,340.38,150.83,7.0,4,0.25,1,34.0
0.64,734.49,369.94,176.12,3.5,5,0.25,5,35.71
0.73,575.71,324.55,187.61,3.5,5,0.0,2,27.76
0.74,778.03,255.28,185.72,3.5,4,0.25,3,18.54
0.88,574.31,341.15,151.2,3.5,2,0.0,0,26.02
0.85,570.06,408.75,128.35,3.5,4,0.1,0,22.27
0.94,524.75,274.98,157.36,7.0,5,0.4,3,28.66
0.79,652.79,362.99,125.69,7.0,5,0.25,4,33.16
0.66,680.06,279.36,207.91,3.5,4,0.4,3,27.88
0.88,533.32,336.63,148.05,7.0,2,0.4,1,39.68
0.89,742.01,261.53,126.99,3.5,4,0.25,3,22.17
0.82,647.27,322.01,112.8,3.5,4,0.25,0,23.63
0.9,668.17,374.3,181.04,3.5,5,0.1,3,26.07
0.8,643.58,304.43,180.06,7.0,2,0.0,2,32.6
0.81,631.82,358.7,147.47,3.5,3,0.0,5,24.84
0.77,678.53,381.02,117.89,3.5,2,0.4,1,40.39
0.63,559.64,403.55,155.06,7.0,4,0.25,3,28.6
0.66,567.49,285.12,144.23,7.0,4,0.1,0,23.06
0.63,767.36,313.28,184.48,7.0,4,0.1,5,32.07
0.85,792.16,271.06,176.64,3.5,2,0.1,1,31.7
0.73,623.75,414.71,150.11,3.5,5,0.1,0,28.88
0.8,593.6,403.52,133.97,7.0,4,0.1,4,27.29
0.95,703.34,337.33,218.68,3.5,4,0.0,2,22.5
0.71,634.17,388.99,159.94,7.0,2,0.0,4,40.09
0.77,521.46,334.08,185.71,7.0,3,0.0,2,29.55
0.89,559.91,351.63,125.46,3.5,3,0.25,3,24.75
0.7,724.5,260.24,163.41,3.5,5,0.4,1,32.96
0.65,707.72,374.15,113.03,7.0,5,0.1,3,27.94
0.72,521.97,266.84,165.6,7.0,4,0.25,2,21.67
0.68,579.26,386.26,216.04,7.0,2,0.1,2,34.55
0.95,581.94,378.73,152.26,7.0,4,0.0,2,16.5
0.91,711.54,366.2,114.29,3.5,5,0.25,5,27.93
0.85,519.79,251.18,113.41,7.0,2,0.0,0,25.59
0.93,544.61,296.83,152.68,7.0,2,0.1,1,27.42
0.91,749.18,289.99,127.6,7.0,5,0.1,3,27.3
0.69,566.49,306.58,112.57,3.5,3,0.4,3,24.87
0.94,705.91,259.99,193.18,3.5,3,0.1,4,24.55
0.81,584.03,405.22,160.44,7.0,2,0.0,2,33.48
0.91,543.24,339.7,141.82,3.5,4,0.1,2,16.82
0.94,585.49,297.24,209.01,3.5,3,0.4,2,26.2
0.73,726.35,312.88,122.78,3.5,4,0.4,3,26.55
0.66,765.57,321.47,215.15,7.0,3,0.0,4,30.12
0.7,758.08,347.7,144.54,7.0,3,0.25,0,36.34
0.77,630.77,333.18,207.72,3.5,4,0.1,5,19.63
0.91,710.42,402.22,176.32,7.0,5,0.4,1,39.0
0.93,574.27,329.98,200.94,7.0,3,0.1,0,26.63
0.62,600.19,414.66,218.24,3.5,3,0.1,3,23.98
0.8,777.52,390.59,141.72,3.5,4,0.25,5,25.85
0.77,517.82,280.66,215.72,7.0,5,0.4,5,31.71
0.7,539.14,404.13,152.84,3.5,3,0.1,5,28.67
0.66,575.12,264.9,152.41,7.0,3,0.4,2,34.65
0.74,521.8,384.78,147.44,7.0,5,0.0,1,25.75
0.96,567.34,310.09,169.55,3.5,3,0.0,3,23.86
0.74,685.41,395.13,126.96,7.0,5,0.1,3,31.88
0.81,637.9,393.44,170.91,7.0,5,0.4,5,34.88
0.87,776.45,382.81,169.59,3.5,4,0.1,3,18.48
0.75,754.33,380.1,193.81,3.5,2,0.4,1,37.66
0.97,614.49,297.1,201.7,3.5,5,0.4,1,28.19
0.97,590.27,258.84,158.45,7.0,4,0.25,4,25.6
0.71,625.63,313.91,143.26,3.5,2,0.25,4,32.32
0.8,687.55,274.67,138.53,3.5,3,0.25,0,28.77
0.73,592.81,363.84,131.41,3.5,2,0.1,1,26.36
0.72,697.5,304.18,116.34,3.5,5,0.25,1,30.71
0.63,634.37,411.83,147.67,7.0,5,0.25,1,37.51
0.84,676.3,354.61,139.73,7.0,5,0.0,4,35.33
0.8,642.22,385.64,216.31,3.5,5,0.4,5,31.73
0.64,600.57,267.66,171.35,7.0,5,0.4,5,33.85
0.72,792.85,392.4,148.2,3.5,4,0.25,3,27.24
0.95,738.5,402.79,173.85,3.5,5,0.4,5,30.52
0.71,555.19,328.29,125.31,7.0,4,0.0,2,19.87
0.67,769.33,348.67,158.84,7.0,3,0.0,4,33.99
0.8,657.3,375.78,178.89,3.5,5,0.25,1,30.01
0.97,777.0,274.9,163.78,3.5,5,0.0,5,22.29
0.71,749.16,330.94,154.2,7.0,2,0.4,4,38.52
0.86,639.01,313.17,219.32,3.5,3,0.1,5,22.15
0.89,520.61,270.03,206.83,7.0,5,0.4,0,33.1
0.71,592.99,307.85,178.57,3.5,5,0.1,1,30.38
0.88,673.24,256.66,172.63,3.5,3,0.25,0,26.61
0.75,700.24,249.41,178.27,7.0,4,0.1,1,25.17
0.85,589.82,268.11,132.14,7.0,5,0.0,4,26.59
0.85,554.97,409.69,153.47,7.0,2,0.4,3,30.17
0.81,759.47,338.97,114.34,7.0,5,0.1,5,29.56
0.65,803.41,410.16,162.31,7.0,2,0.4,5,43.0
0.92,668.55,318.96,169.73,7.0,2,0.25,2,35.6
0.74,564.47,298.32,135.05,7.0,5,0.25,0,32.11
0.69,594.06,331.55,216.04,3.5,5,0.0,5,28.78
0.63,519.41,320.16,210.04,3.5,2,0.25,4,32.86
0.83,782.8,263.07,189.44,3.5,3,0.1,3,19.29
0.86,548.62,354.58,168.67,7.0,3,0.25,4,29.45
0.63,683.5,281.94,205.7,7.0,5,0.0,0,31.78
0.8,594.57,350.95,124.37,7.0,4,0.4,2,30.03
0.7,676.93,356.18,196.96,3.5,3,0.4,5,31.24
0.85,705.52,271.0,123.73,7.0,5,0.25,4,28.35
0.68,757.94,255.49,197.36,7.0,3,0.1,1,41.18
0.87,574.69,378.51,140.33,3.5,4,0.0,3,17.92
0.76,517.23,323.63,206.48,7.0,5,0.1,4,35.18
0.96,554.24,254.95,213.84,3.5,4,0.0,3,13.54
0.67,778.61,415.12,126.37,3.5,5,0.25,5,34.13
0.74,770.92,254.88,160.89,7.0,4,0.0,1,27.9
0.66,689.64,363.85,217.91,7.0,3,0.0,2,30.82
0.95,690.55,413.21,163.17,7.0,3,0.25,2,31.21
0.94,709.52,285.9,204.99,3.5,4,0.1,1,23.19
0.71,565.56,269.32,174.76,3.5,4,0.25,3,19.43
0.86,782.84,265.76,151.29,3.5,4,0.0,5,20.18
0.91,637.12,296.86,141.44,7.0,5,0.25,4,23.7
0.82,626.64,262.28,132.35,7.0,3,0.0,1,28.11
0.81,666.56,363.36,193.8,7.0,5,0.25,0,36.85
0.71,527.81,255.65,152.52,7.0,3,0.4,3,31.72
0.65,562.89,332.11,166.24,3.5,2,0.4,2,39.24
0.94,730.98,415.44,164.16,3.5,5,0.25,1,31.98
0.94,538.34,384.19,173.5,3.5,3,0.1,2,25.21
0.85,691.33,350.2,205.21,3.5,3,0.0,3,27.97
0.74,586.13,297.37,217.88,7.0,5,0.4,2,28.1
0.75,628.45,351.69,154.83,7.0,5,0.1,1,34.01
0.88,598.88,335.12,201.03,7.0,3,0.0,3,24.0
0.94,618.57,317.86,194.1,3.5,5,0.4,0,24.49
0.94,725.4,267.35,173.09,3.5,4,0.4,1,24.53
0.9,601.35,396.61,215.17,7.0,5,0.25,4,31.51
0.85,680.52,321.91,132.05,7.0,5,0.0,5,29.44
0.65,653.96,278.28,122.02,3.5,5,0.1,1,29.01
0.68,709.12,307.89,203.94,7.0,3,0.1,3,31.43
0.94,789.43,315.82,158.31,3.5,4,0.1,5,23.96
0.84,729.38,386.51,203.17,3.5,2,0.0,1,31.22
0.62,577.19,370.45,208.24,3.5,2,0.1,0,32.32
0.66,523.17,376.55,116.87,7.0,4,0.1,0,22.93
0.86,591.11,246.89,207.18,7.0,4,0.1,4,22.88
0.62,688.95,316.16,159.32,3.5,4,0.25,2,27.61
0.68,529.12,327.31,166.15,7.0,3,0.25,5,34.14
0.82,659.93,248.28,178.93,3.5,2,0.0,3,22.21
0.87,689.47,289.43,211.9,3.5,4,0.0,3,20.55
0.85,612.27,375.01,112.1,3.5,3,0.1,2,19.76
0.7,740.65,268.45,162.45,3.5,2,0.25,0,35.02
0.88,545.34,336.54,185.65,7.0,5,0.4,0,32.97
0.71,536.09,281.8,189.5,3.5,3,0.4,1,27.52
0.74,728.09,247.07,186.18,3.5,2,0.1,4,26.12
0.89,659.67,286.25,124.79,7.0,3,0.1,5,28.61
0.85,716.39,411.87,142.93,3.5,2,0.25,4,35.35
0.93,641.84,382.06,149.46,3.5,2,0.25,4,26.42
0.86,586.44,409.09,198.49,7.0,5,0.25,1,36.59
0.82,754.82,328.42,140.66,7.0,3,0.0,4,28.39
0.65,749.03,263.76,133.18,7.0,4,0.0,2,30.0
0.75,718.24,338.7,215.32,3.5,5,0.1,1,31.95
0.72,594.01,322.7,110.97,7.0,5,0.0,2,28.4
0.71,687.53,389.39,219.76,7.0,2,0.25,1,37.03
0.97,620.13,261.77,184.45,3.5,4,0.25,4,22.35
0.76,540.93,328.49,201.13,3.5,3,0.0,2,24.41
0.94,783.69,270.66,142.41,3.5,4,0.4,2,26.53
0.85,554.22,300.52,111.57,3.5,4,0.1,2,18.97
0.91,793.37,371.09,191.17,3.5,4,0.4,1,28.65
0.8,645.13,326.4,201.76,7.0,4,0.1,3,28.52
0.83,568.43,309.28,191.45,7.0,4,0.4,4,32.36
0.8,673.32,312.46,125.71,7.0,2,0.0,2,28.53
0.69,770.65,323.57,192.88,3.5,2,0.1,5,35.68
0.88,729.27,379.24,194.58,3.5,5,0.1,3,25.18
0.72,751.13,397.55,182.44,3.5,2,0.1,5,33.03
0.63,707.68,408.36,194.27,7.0,5,0.25,4,37.57
0.85,717.53,379.56,203.05,7.0,5,0.25,4,34.28
0.68,763.66,298.93,177.5,3.5,3,0.4,2,36.59
0.96,587.4,362.67,119.75,7.0,4,0.0,2,24.69
0.96,657.89,319.83,163.64,3.5,2,0.25,1,32.56
0.95,579.04,288.55,118.54,7.0,3,0.1,3,23.75
0.75,804.37,388.79,154.83,7.0,2,0.25,3,39.95
0.63,791.55,251.57,154.78,7.0,5,0.0,2,30.18
0.95,525.59,399.2,117.26,3.5,2,0.25,4,27.93
0.77,721.44,323.91,148.37,7.0,4,0.1,2,28.11
0.97,786.02,353.96,122.21,7.0,5,0.4,4,29.09
0.97,567.09,357.75,198.91,3.5,5,0.1,4,18.53
0.93,680.98,398.07,214.25,7.0,3,0.0,2,27.86
0.73,783.15,353.87,117.95,3.5,4,0.4,0,30.78
0.76,523.98,349.98,215.06,3.5,5,0.25,3,23.64
0.93,719.04,256.4,167.48,3.5,4,0.25,5,21.11
0.73,601.42,333.65,142.95,3.5,2,0.25,4,32.29
0.68,785.77,270.68,118.45,3.5,4,0.4,4,27.62
0.82,799.49,371.1,165.07,7.0,5,0.1,0,36.59
0.96,791.61,332.59,197.4,3.5,3,0.4,5,33.4
0.87,653.42,361.32,187.78,3.5,5,0.4,1,31.82
0.83,767.44,252.13,115.52,3.5,4,0.0,0,22.04
0.65,762.3,259.5,118.02,3.5,4,0.4,5,30.34
0.84,607.82,367.49,154.32,7.0,5,0.25,0,31.07
0.98,757.7,257.33,142.48,3.5,4,0.1,4,21.96
0.67,524.88,257.18,135.56,7.0,2,0.1,3,31.83
0.81,689.3,247.07,140.91,3.5,5,0.1,0,21.6
0.94,581.62,408.56,198.38,7.0,3,0.25,1,33.72
0.89,549.45,371.11,212.22,3.5,5,0.25,2,26.48
0.87,536.62,305.41,154.56,3.5,2,0.25,5,29.06
0.87,718.71,295.71,209.67,7.0,2,0.25,0,34.73
0.75,613.92,304.8,145.36,3.5,2,0.25,0,28.41
0.73,727.08,377.47,162.41,7.0,2,0.4,1,43.0
0.91,533.21,358.09,134.86,3.5,2,0.25,3,27.8
0.91,606.7,276.67,180.45,7.0,3,0.25,0,26.49
0.93,672.61,274.77,217.69,3.5,4,0.25,0,20.38
0.95,746.47,261.83,176.38,3.5,2,0.25,3,25.67
0.8,607.71,357.91,149.36,7.0,2,0.1,1,33.87
0.8,698.01,375.71,181.26,3.5,5,0.25,5,25.05
0.91,774.48,290.32,123.52,3.5,3,0.4,5,32.61
0.85,695.06,248.58,207.75,3.5,3,0.4,0,28.78
0.87,582.49,259.05,165.34,3.5,4,0.4,3,20.63
0.91,521.17,410.5,159.43,3.5,3,0.0,0,25.38
0.94,769.81,295.52,174.45,3.5,5,0.1,2,26.6
0.74,520.25,376.54,178.73,7.0,5,0.25,5,30.95
0.76,771.16,351.82,117.9,7.0,4,0.0,4,28.47
0.65,669.51,310.31,185.09,7.0,5,0.25,2,34.99
0.83,790.09,280.17,136.61,3.5,2,0.0,0,30.99
0.63,748.84,265.76,188.53,7.0,2,0.0,1,34.87
0.79,807.39,350.17,200.48,3.5,5,0.4,5,30.06
0.82,617.11,377.46,198.44,3.5,4,0.4,4,22.76
0.72,739.55,355.11,170.78,3.5,3,0.0,2,30.71
0.83,632.17,335.68,167.22,3.5,4,0.4,5,24.18
0.63,655.08,252.17,125.72,7.0,3,0.0,3,31.02
0.63,698.49,410.61,195.29,3.5,5,0.1,1,32.77
0.92,770.86,381.58,139.86,7.0,5,0.4,2,34.52
0.75,803.32,295.07,164.64,3.5,2,0.4,3,32.9
0.67,739.87,412.57,141.27,7.0,3,0.4,0,43.0
0.81,636.82,347.92,124.72,7.0,4,0.1,3,20.92
0.9,637.88,344.59,179.25,7.0,5,0.0,2,26.69
0.7,730.85,372.92,115.98,7.0,4,0.25,2,34.59
0.84,584.2,383.81,192.35,7.0,2,0.4,0,34.26
0.65,546.48,357.26,144.93,7.0,3,0.0,3,32.69
0.64,618.26,266.9,110.01,3.5,3,0.1,3,25.31
0.81,598.45,302.84,166.22,7.0,5,0.25,0,31.73
0.81,601.11,403.7,115.15,3.5,3,0.4,3,25.88
0.85,582.68,283.41,140.38,7.0,5,0.1,5,23.62
0.88,526.38,308.64,187.77,3.5,2,0.1,0,26.79
0.97,519.25,318.89,116.9,7.0,3,0.25,1,35.56
0.81,804.39,320.14,202.33,7.0,5,0.0,2,32.21
0.74,639.77,349.81,110.42,3.5,4,0.4,1,24.38
0.91,626.99,406.27,137.15,7.0,5,0.4,5,34.79
0.72,713.82,286.16,191.5,7.0,3,0.0,5,32.99
0.78,578.17,265.78,144.79,7.0,2,0.0,4,27.12
0.65,793.29,278.77,121.21,3.5,3,0.0,4,25.21
0.63,745.19,396.66,149.63,7.0,3,0.25,4,35.76
0.97,540.29,355.43,139.74,3.5,5,0.25,0,21.85
0.92,636.77,293.89,202.7,7.0,4,0.4,3,27.39
0.87,772.46,384.53,144.47,7.0,3,0.25,5,32.01
0.77,791.75,392.29,196.78,3.5,4,0.1,1,25.79
0.68,651.42,389.75,208.11,7.0,5,0.4,1,40.86
0.68,694.34,402.14,157.72,7.0,4,0.25,1,34.84
0.71,563.11,288.13,210.09,3.5,5,0.0,1,22.67
0.82,805.4,374.11,151.5,7.0,2,0.1,4,36.42
0.88,582.11,323.75,216.05,3.5,4,0.0,1,15.51
0.86,791.16,388.98,119.82,3.5,4,0.4,3,27.21
0.72,705.0,369.57,185.57,3.5,2,0.0,4,28.96
0.96,692.67,377.77,164.32,7.0,4,0.25,1,31.25
0.89,664.73,357.2,152.64,3.5,2,0.25,0,30.77
0.82,581.82,275.34,179.6,3.5,3,0.4,2,30.49
0.84,565.9,338.2,187.42,7.0,5,0.0,2,27.58
0.77,578.82,413.38,110.48,3.5,2,0.4,2,35.17
0.71,568.81,405.29,128.36,7.0,4,0.0,4,25.64
0.75,743.2,252.38,188.44,7.0,2,0.1,1,36.05
0.89,616.94,273.18,183.3,7.0,4,0.25,5,26.71
0.63,531.01,267.53,216.27,7.0,3,0.4,5,37.17
0.66,798.92,369.14,193.71,3.5,2,0.1,5,35.7
0.64,773.83,384.84,214.58,3.5,3,0.1,4,32.06
0.63,786.76,281.51,187.28,3.5,5,0.4,3,29.1
0.93,806.5,331.5,142.79,3.5,4,0.4,0,28.7
0.87,565.13,388.76,121.59,3.5,4,0.1,0,17.85
0.79,630.5,370.31,196.0,7.0,3,0.0,2,27.59
0.66,736.92,337.72,180.86,3.5,5,0.1,2,26.53
0.8,718.63,345.95,115.3,3.5,2,0.4,5,33.18
0.79,559.25,331.93,149.61,3.5,2,0.1,5,29.69
0.68,753.85,295.88,215.25,7.0,4,0.0,2,27.24
0.78,579.99,341.62,165.04,7.0,3,0.25,1,38.12
0.76,579.8,362.8,157.6,3.5,3,0.25,3,27.62
0.84,671.87,394.34,160.35,7.0,2,0.1,3,28.43
0.85,688.32,353.81,132.98,3.5,5,0.0,3,22.6
0.64,684.55,375.15,150.56,3.5,5,0.25,3,26.53
0.75,540.9,272.37,150.68,7.0,2,0.1,2,32.52
0.85,771.97,323.93,115.76,7.0,2,0.1,0,31.23
0.8,592.09,246.6,194.43,3.5,3,0.0,2,17.82
0.93,552.08,287.18,155.82,3.5,5,0.4,3,22.48
0.86,775.29,369.22,200.44,7.0,2,0.1,2,38.83
0.68,794.96,414.6,203.54,3.5,2,0.4,3,36.79
0.65,767.47,261.96,133.32,7.0,4,0.4,4,35.35
0.85,752.0,313.66,182.31,3.5,2,0.25,5,32.64
0.63,706.64,381.81,161.95,7.0,2,0.4,0,38.4
0.83,675.95,279.89,206.82,3.5,5,0.0,4,21.42
0.96,539.57,339.92,133.73,3.5,3,0.25,1,24.92
0.83,634.09,370.36,184.56,7.0,5,0.25,2,31.55
0.76,623.57,350.33,176.85,3.5,3,0.25,1,34.54
0.85,590.37,277.15,142.48,3.5,4,0.1,2,16.11
0.78,726.69,305.77,125.03,7.0,2,0.1,5,31.41
0.82,659.79,379.03,181.68,3.5,4,0.4,4,28.61
0.96,537.83,339.77,191.25,3.5,3,0.25,5,22.34
0.76,578.73,245.89,144.72,3.5,5,0.25,3,15.88
0.97,714.88,375.13,180.93,7.0,5,0.0,5,33.34
0.95,536.38,251.04,153.46,7.0,4,0.4,5,23.4
0.69,764.25,372.52,188.45,7.0,3,0.0,3,34.96
0.64,659.57,279.62,131.91,3.5,4,0.4,2,24.67
0.66,655.29,408.83,207.92,3.5,4,0.4,3,27.06
0.63,688.17,307.92,141.62,3.5,2,0.1,4,26.68
0.65,756.46,300.91,150.46,3.5,4,0.1,5,23.68
0.87,616.26,270.46,116.39,7.0,2,0.0,3,26.7
0.65,713.34,297.26,122.27,3.5,2,0.4,5,34.51
0.73,680.33,394.91,166.74,3.5,5,0.25,4,29.29
0.92,592.51,415.37,139.44,3.5,2,0.1,1,24.89
0.63,772.32,307.98,201.9,7.0,2,0.25,4,39.18
0.91,748.44,321.71,111.62,3.5,5,0.0,0,26.28
0.72,707.58,368.47,151.7,3.5,4,0.1,0,28.22
0.66,764.07,396.54,147.11,3.5,3,0.1,0,31.29
0.87,768.98,346.41,112.13,3.5,3,0.4,5,31.75
0.85,722.26,311.95,123.68,3.5,3,0.0,2,28.42
0.94,760.08,315.56,155.5,7.0,4,0.4,2,32.64
0.88,719.06,363.95,164.22,3.5,2,0.1,2,30.4
0.91,713.96,245.55,154.47,3.5,3,0.0,5,17.67
0.72,695.87,350.95,168.4,3.5,4,0.1,4,21.91
0.68,735.3,305.79,175.46,3.5,2,0.0,2,29.68
0.89,560.63,380.81,111.09,3.5,5,0.1,1,22.32
0.91,772.98,260.9,161.05,3.5,3,0.25,0,24.21
0.98,770.32,345.58,215.98,3.5,2,0.25,4,28.95
0.77,522.6,327.25,167.09,3.5,3,0.4,0,24.54
0.75,756.79,354.84,184.53,3.5,3,0.25,2,28.87
0.9,551.89,256.09,144.31,3.5,3,0.1,4,21.32
0.74,612.52,344.18,195.14,7.0,2,0.1,3,36.81
0.96,732.59,341.01,195.02,7.0,4,0.25,1,33.36
0.93,561.26,340.87,167.34,7.0,2,0.4,2,36.18
0.77,754.48,348.2,217.36,7.0,3,0.25,2,31.93
0.89,758.65,360.68,123.81,3.5,2,0.0,1,27.38
0.89,663.2,382.65,111.86,7.0,5,0.0,1,27.44
0.66,515.88,291.14,194.72,7.0,4,0.0,3,26.25
0.94,598.39,386.08,198.79,3.5,2,0.25,2,28.2
0.8,695.38,330.2,123.22,7.0,5,0.25,5,36.7
0.92,802.47,258.18,139.21,7.0,4,0.25,2,28.79
0.74,699.75,255.01,111.93,3.5,5,0.0,0,23.72
0.94,590.38,302.15,142.26,3.5,4,0.4,4,17.85
0.76,700.4,379.22,195.05,3.5,2,0.1,4,30.9
0.62,672.76,366.01,166.98,7.0,5,0.25,0,39.12
0.95,743.27,379.85,148.29,7.0,3,0.4,4,36.16
0.65,545.45,333.45,150.89,3.5,5,0.1,1,22.15
0.73,737.74,320.27,110.15,3.5,4,0.1,4,22.48
0.96,673.13,270.21,142.98,7.0,2,0.1,4,34.15
0.96,797.12,301.12,181.11,3.5,4,0.4,0,26.28
0.83,614.51,319.22,217.16,7.0,5,0.4,3,33.37
0.85,699.99,260.15,203.18,3.5,5,0.0,4,27.46
0.78,788.02,282.72,112.6,3.5,3,0.4,5,30.26
0.73,544.14,347.3,208.84,7.0,2,0.4,4,40.2
0.74,789.55,370.8,196.15,3.5,2,0.4,3,36.41
0.86,716.24,415.72,195.84,3.5,5,0.1,0,29.13
0.89,533.94,404.56,160.38,3.5,2,0.25,3,27.39
0.9,602.48,354.88,153.78,7.0,3,0.0,0,25.28
0.9,722.2,317.03,143.32,3.5,4,0.25,1,24.48
0.65,533.8,353.79,117.23,3.5,2,0.25,0,28.2
0.8,685.16,379.35,135.11,3.5,5,0.4,1,28.66
0.64,615.69,265.24,137.13,3.5,4,0.0,1,24.08
0.82,696.55,315.09,163.25,3.5,4,0.25,0,24.81
0.78,527.45,388.61,192.22,3.5,3,0.25,5,30.29
0.94,770.23,310.64,162.12,7.0,5,0.0,2,32.28
0.75,800.21,342.79,116.36,7.0,2,0.4,0,40.64
0.66,798.85,345.51,215.36,3.5,5,0.25,4,30.06
0.67,734.4,276.55,213.7,7.0,4,0.1,5,30.12
0.89,552.25,306.94,196.37,7.0,5,0.25,5,27.97
0.84,736.93,302.2,219.05,3.5,2,0.1,4,24.69
0.66,521.23,249.48,169.89,7.0,2,0.4,2,35.19
0.65,520.5,249.14,215.9,7.0,3,0.25,5,31.93
0.87,609.14,387.22,118.32,7.0,2,0.0,1,28.57
0.65,657.66,291.7,150.22,7.0,2,0.0,2,31.37
0.92,740.5,333.59,134.79,7.0,5,0.25,4,28.68
0.87,714.89,296.08,131.54,7.0,5,0.4,2,34.08
0.65,645.1,405.86,125.49,7.0,4,0.4,0,39.27
0.65,594.45,289.34,178.47,7.0,3,0.0,2,32.83
0.98,807.15,318.47,195.95,3.5,5,0.25,1,31.59
0.75,639.3,394.24,173.61,3.5,2,0.4,0,36.27
0.75,646.71,388.97,126.17,7.0,4,0.0,3,26.44
0.91,562.11,276.82,199.22,7.0,5,0.1,4,22.3
0.96,747.67,382.25,179.96,3.5,3,0.25,4,27.07
0.97,717.94,323.35,152.7,7.0,3,0.1,2,26.07
0.89,578.91,327.59,184.15,7.0,4,0.1,5,25.42
0.76,538.22,267.83,138.59,3.5,4,0.4,0,27.08
0.65,714.07,258.78,147.97,3.5,4,0.4,3,31.52
0.9,706.43,369.48,210.92,3.5,4,0.4,0,27.96
0.82,594.34,329.89,141.96,7.0,4,0.25,4,23.7
0.77,793.55,319.7,161.7,7.0,2,0.1,0,36.07
0.95,558.41,369.75,207.92,3.5,2,0.25,3,26.5
0.66,641.11,375.9,187.85,3.5,5,0.4,5,34.67
0.8,791.42,272.17,116.84,7.0,3,0.1,2,30.81
0.62,637.4,349.35,126.2,3.5,2,0.25,1,34.78
0.79,701.73,268.15,110.86,7.0,2,0.25,0,32.95
0.64,630.89,373.49,179.4,7.0,2,0.0,1,34.12
0.66,594.62,357.34,159.24,3.5,5,0.25,4,30.33
0.66,803.29,408.58,124.77,3.5,4,0.4,2,27.1
0.85,634.34,256.79,215.37,7.0,5,0.25,2,30.32
0.89,776.87,254.76,168.26,3.5,3,0.1,0,26.59
0.83,581.61,293.25,136.61,3.5,3,0.25,5,28.88
0.97,576.65,289.75,165.07,3.5,3,0.0,2,18.36
0.75,523.15,287.23,184.76,3.5,3,0.1,0,26.39
0.72,705.59,399.97,118.39,7.0,2,0.1,0,40.01
0.93,622.35,287.67,140.22,7.0,2,0.0,1,27.19
0.7,768.12,291.5,198.77,7.0,5,0.4,2,36.85
0.97,653.12,374.86,160.56,7.0,4,0.1,0,25.11
0.62,798.65,321.91,170.12,3.5,3,0.4,1,36.71
0.97,568.54,377.82,157.61,3.5,5,0.1,3,22.81
0.64,769.38,256.18,114.83,7.0,2,0.1,1,35.66
0.94,742.32,328.37,128.23,7.0,2,0.4,1,42.41
0.81,740.65,250.75,159.01,3.5,4,0.1,0,20.2
0.98,762.37,255.71,133.01,7.0,4,0.4,4,26.01
0.65,737.74,400.0,115.5,7.0,4,0.0,4,31.24
0.82,698.11,268.81,202.8,3.5,5,0.4,5,33.02
0.97,552.59,336.04,217.93,7.0,2,0.0,4,29.13
0.81,523.56,315.3,197.25,3.5,2,0.1,1,29.45
0.85,784.73,304.4,203.92,3.5,4,0.4,5,33.54
0.87,695.3,398.87,136.62,7.0,3,0.1,0,33.82
0.78,748.18,248.73,215.67,3.5,4,0.4,2,28.29
0.85,655.57,358.51,131.66,7.0,5,0.0,1,27.03
0.83,548.49,409.74,214.66,3.5,4,0.0,1,23.66
0.94,550.8,340.79,219.43,7.0,4,0.4,5,31.2
0.64,715.56,405.2,188.29,7.0,5,0.0,0,35.16
0.72,640.51,253.94,217.93,7.0,4,0.1,3,25.14
0.96,572.95,316.61,172.65,3.5,2,0.1,1,26.27
0.94,658.53,289.49,138.55,3.5,3,0.25,3,22.03
0.78,532.88,369.97,158.07,7.0,4,0.0,3,23.85
0.84,685.1,412.8,175.29,3.5,5,0.1,4,25.39
0.72,593.08,288.87,118.04,7.0,3,0.4,0,34.13
0.69,748.48,356.86,178.46,7.0,5,0.0,3,31.26
0.79,605.25,278.87,217.93,3.5,3,0.1,0,25.25
0.75,647.83,341.67,130.91,7.0,3,0.0,4,23.89
0.83,517.42,324.33,197.19,3.5,4,0.4,0,23.08
0.65,535.3,411.21,209.87,7.0,2,0.1,1,40.62
0.97,629.39,349.06,213.81,3.5,4,0.25,3,18.61
0.98,655.1,304.77,215.61,7.0,5,0.25,0,31.97
0.87,690.41,264.51,167.36,7.0,5,0.0,2,25.27
0.81,599.75,270.86,217.5,3.5,3,0.4,0,30.61
0.73,718.32,283.53,193.3,7.0,3,0.1,3,29.45
0.91,766.88,287.92,127.78,7.0,2,0.4,4,35.84
0.87,743.28,390.46,162.46,3.5,4,0.1,4,24.04
0.68,525.65,340.97,189.02,7.0,5,0.0,3,25.78
0.95,655.27,334.5,137.21,3.5,3,0.1,1,27.18
0.92,544.85,264.63,180.47,7.0,2,0.4,1,38.67
0.96,585.16,392.08,183.33,3.5,5,0.4,4,26.79
0.88,804.08,368.6,127.9,7.0,3,0.0,4,31.52
0.84,555.89,256.57,172.16,7.0,5,0.4,3,31.38
0.77,660.67,366.04,194.88,7.0,2,0.1,1,36.87
0.96,695.74,337.95,164.88,3.5,2,0.0,4,22.61
0.93,720.52,258.98,111.33,3.5,5,0.1,1,28.29
0.64,678.54,323.37,110.99,3.5,4,0.4,4,27.67
0.63,516.87,327.88,149.27,3.5,5,0.0,0,22.25
0.76,609.98,273.35,211.88,7.0,3,0.1,2,34.25
0.91,666.21,406.71,135.15,7.0,4,0.4,5,32.73
0.98,539.83,390.35,179.78,3.5,3,0.4,0,27.27
0.67,617.08,359.4,134.43,3.5,5,0.25,5,26.42
0.83,523.76,324.05,145.38,3.5,4,0.4,4,25.69
0.76,537.1,315.41,203.28,7.0,3,0.1,2,36.71
0.97,630.7,356.32,190.17,3.5,5,0.0,2,24.06
0.92,553.02,338.27,120.49,3.5,5,0.25,4,24.63
0.92,680.86,255.65,157.16,7.0,4,0.4,4,30.86
0.79,716.7,332.64,113.21,7.0,5,0.4,1,36.39
0.77,749.37,382.9,162.9,3.5,2,0.4,4,35.0
0.72,572.84,323.53,182.87,7.0,3,0.1,3,27.55
0.64,563.24,253.88,123.04,3.5,3,0.25,4,24.94
0.93,544.74,379.45,141.78,7.0,5,0.1,3,24.11
0.91,701.11,279.43,153.76,3.5,5,0.25,4,24.75
0.98,721.7,289.22,211.15,3.5,2,0.0,1,24.84
0.98,523.29,273.16,219.26,3.5,4,0.1,3,14.78
0.82,789.25,301.47,114.94,3.5,5,0.1,0,26.57
0.9,529.28,374.4,193.71,7.0,5,0.0,3,26.8
0.96,673.14,333.81,150.89,7.0,5,0.25,1,32.77
0.93,722.46,280.03,153.17,7.0,5,0.4,5,36.86
0.71,770.06,395.11,192.97,7.0,3,0.0,3,34.05
0.78,723.94,395.41,211.03,3.5,5,0.4,4,38.84
0.67,749.71,393.87,214.6,3.5,3,0.4,4,36.41
0.96,613.8,285.83,173.48,7.0,5,0.0,5,24.0
0.84,753.56,322.16,149.28,7.0,4,0.25,1,35.69
0.7,537.55,413.43,196.63,7.0,2,0.4,2,39.2
0.86,777.08,377.01,137.61,7.0,4,0.0,4,21.38
0.84,674.99,249.65,172.05,7.0,5,0.1,0,28.8
0.75,754.29,256.15,149.44,3.5,5,0.1,1,27.64
0.66,646.98,324.33,182.23,3.5,5,0.1,3,29.57
0.86,703.21,400.48,136.44,3.5,4,0.0,3,19.26
0.81,668.76,337.12,131.08,7.0,5,0.1,0,29.19
0.9,729.09,330.13,211.01,7.0,4,0.4,4,35.69
0.81,538.0,263.04,121.2,7.0,3,0.1,1,29.31
0.93,531.74,357.31,165.66,7.0,2,0.1,0,29.45
0.82,586.65,385.58,134.29,3.5,2,0.4,4,29.97
0.82,560.91,310.05,114.28,3.5,4,0.1,1,22.07
0.94,770.3,377.63,113.96,7.0,3,0.4,3,32.65
0.77,578.45,409.93,129.27,3.5,4,0.1,1,22.44
0.67,800.9,279.84,205.34,3.5,3,0.4,5,32.41
0.63,613.05,334.49,141.07,7.0,5,0.1,2,29.83
0.89,567.54,294.1,214.55,7.0,3,0.4,1,31.81
0.84,746.17,380.58,173.98,7.0,3,0.0,2,33.18
0.87,707.66,343.77,158.03,7.0,3,0.4,1,38.8
0.7,660.47,353.51,173.81,7.0,2,0.1,2,37.94
0.67,677.28,381.44,166.84,7.0,3,0.1,5,33.68
0.63,725.45,312.71,193.47,3.5,5,0.25,3,29.07
0.75,581.17,401.48,141.07,3.5,5,0.4,4,29.7
0.83,806.92,336.15,148.84,7.0,5,0.0,2,33.35
0.76,800.59,272.01,208.35,3.5,3,0.4,5,28.17
0.78,705.2,364.0,214.11,7.0,4,0.4,2,33.28
0.95,572.67,380.65,208.18,7.0,4,0.0,3,21.76
0.75,713.99,299.17,156.14,7.0,5,0.4,2,39.41
0.81,535.23,391.58,195.84,7.0,2,0.0,5,30.22
0.9,523.01,399.95,162.4,3.5,4,0.0,5,14.2
0.76,589.76,292.35,164.73,7.0,3,0.4,0,34.23
0.84,650.01,413.18,132.51,3.5,4,0.4,3,24.09
0.93,769.27,269.06,175.02,7.0,5,0.1,0,28.1
0.96,727.79,279.54,130.47,7.0,2,0.1,3,27.04
0.67,732.36,276.5,146.47,7.0,4,0.25,2,29.84
0.95,639.1,397.87,204.05,3.5,4,0.25,5,25.74
0.8,615.7,356.88,132.78,7.0,5,0.4,0,34.71
0.71,623.09,271.01,117.83,7.0,2,0.0,2,30.26
0.79,804.37,320.3,117.59,7.0,2,0.25,5,34.62
0.97,525.79,350.22,213.49,3.5,5,0.4,3,23.91
0.8,768.91,259.27,165.76,3.5,3,0.25,5,29.04
0.74,684.13,395.89,155.04,3.5,4,0.0,2,24.03
0.85,642.95,382.42,199.2,7.0,3,0.4,0,35.91
0.71,727.23,331.39,201.94,3.5,4,0.0,0,21.91
0.65,657.08,410.38,146.54,7.0,4,0.4,5,29.28
0.67,770.79,316.44,186.3,3.5,3,0.25,2,36.26
0.67,778.81,413.28,194.82,3.5,5,0.1,1,30.23
0.67,637.99,359.21,182.01,7.0,5,0.25,3,28.14
0.67,595.39,353.53,126.68,3.5,4,0.25,3,23.62
0.85,688.15,273.38,206.35,7.0,5,0.1,2,25.68
0.69,782.23,395.81,169.3,7.0,4,0.1,1,32.49
0.74,575.93,318.1,141.07,3.5,5,0.4,0,30.11
0.94,697.15,272.74,156.78,7.0,4,0.4,4,33.74
0.79,699.68,247.16,114.13,7.0,5,0.0,4,28.38
0.86,729.54,340.72,124.07,3.5,2,0.0,2,25.6
0.68,552.68,335.19,194.21,3.5,3,0.25,1,30.16
0.69,724.45,368.01,110.0,7.0,2,0.1,1,33.38
0.63,781.26,397.23,155.82,3.5,3,0.0,3,28.4
0.68,566.83,258.58,167.48,7.0,3,0.25,0,30.59
0.72,583.84,370.09,116.01,7.0,4,0.1,5,27.57
0.68,799.59,277.05,217.04,3.5,3,0.4,1,40.96
0.65,567.21,391.75,134.87,3.5,2,0.25,5,27.06
0.66,765.19,385.06,143.46,3.5,2,0.4,4,36.37
0.79,658.73,337.48,143.43,3.5,5,0.0,5,19.32
0.69,586.69,366.45,135.35,7.0,2,0.0,0,31.16
0.75,770.0,298.75,110.16,7.0,5,0.1,0,29.37
0.8,644.92,325.57,190.23,3.5,3,0.25,5,24.09
0.87,665.36,385.5,216.35,3.5,2,0.4,2,36.23
0.63,619.61,323.53,134.67,7.0,3,0.1,1,34.25
0.91,688.33,306.18,182.94,7.0,2,0.0,2,32.74
0.85,562.08,329.51,191.61,7.0,2,0.0,5,28.76
0.65,628.98,386.63,203.33,7.0,5,0.25,1,37.97
0.93,799.01,302.32,156.49,3.5,3,0.4,3,31.67
0.95,589.89,274.71,143.32,7.0,2,0.25,2,30.89
0.64,707.08,366.75,145.78,7.0,4,0.4,2,37.46
0.72,609.61,386.24,188.39,3.5,3,0.4,5,30.19
0.91,741.4,262.21,199.85,7.0,3,0.25,4,33.69
0.89,552.48,286.02,129.98,7.0,3,0.1,5,24.52
0.69,799.13,269.28,150.8,3.5,5,0.25,2,25.73
0.7,647.41,304.5,209.21,3.5,4,0.25,1,28.42
0.75,583.4,322.01,198.74,3.5,3,0.0,4,22.67
0.79,535.61,373.05,218.33,7.0,2,0.0,5,27.61
0.84,563.91,356.35,192.97,7.0,2,0.25,5,34.9
0.75,666.81,351.18,153.25,3.5,5,0.25,2,26.47
0.79,613.08,305.26,174.97,3.5,2,0.0,2,33.86
0.89,757.69,388.89,182.71,7.0,3,0.4,3,30.99
0.63,640.68,325.59,118.63,3.5,2,0.25,5,28.94
0.71,587.12,412.43,169.89,3.5,3,0.1,2,29.28
0.88,695.44,353.44,188.03,3.5,2,0.1,0,28.42
0.94,721.79,266.59,128.41,7.0,4,0.1,4,26.74
0.8,563.11,360.63,195.87,7.0,5,0.25,0,33.06
0.81,563.28,300.59,174.22,7.0,5,0.4,4,31.35
0.66,524.78,362.36,214.74,7.0,4,0.4,5,29.82
0.78,730.5,256.91,114.67,7.0,4,0.0,3,27.94
0.81,709.16,274.9,139.19,7.0,5,0.25,2,28.73
0.71,653.54,391.33,176.17,3.5,4,0.4,2,30.93
0.72,762.19,283.85,142.62,7.0,3,0.25,2,36.79
0.76,750.87,388.13,188.59,7.0,2,0.0,5,35.31
0.63,686.09,292.76,193.49,3.5,5,0.0,4,26.11
0.74,769.27,354.93,121.28,7.0,4,0.0,2,25.98
0.7,574.52,363.7,166.52,7.0,3,0.1,0,32.35
0.74,546.9,332.66,165.98,3.5,5,0.25,2,19.18
0.66,593.31,297.21,150.62,3.5,4,0.0,5,22.85
0.94,530.78,281.36,212.62,3.5,5,0.25,3,21.73
0.83,670.16,250.68,201.03,7.0,4,0.1,0,25.85
0.86,789.36,296.97,186.69,3.5,5,0.1,2,27.13
0.9,525.57,356.69,188.58,7.0,3,0.0,2,22.59
0.8,549.9,405.45,160.79,7.0,3,0.0,1,22.32
0.65,646.95,393.98,211.31,7.0,2,0.4,4,43.0
0.81,788.56,376.0,186.41,7.0,5,0.25,0,39.2
0.83,606.95,379.82,190.19,3.5,2,0.0,1,22.59
0.89,663.13,358.71,204.79,3.5,5,0.4,3,25.3
0.78,526.22,289.51,140.15,7.0,4,0.25,4,28.54
0.67,557.61,400.13,198.78,3.5,4,0.0,0,23.99
0.72,804.07,359.7,131.48,7.0,2,0.4,2,43.0
0.75,797.74,340.84,147.99,7.0,5,0.4,0,40.63
0.85,515.45,263.98,146.92,7.0,2,0.25,2,33.08
0.83,793.83,321.45,217.64,3.5,3,0.4,4,30.77
0.75,701.9,323.72,204.22,7.0,2,0.25,2,39.13
0.98,769.17,392.84,187.13,7.0,2,0.25,3,38.2
0.84,647.69,338.48,189.98,3.5,4,0.25,5,24.14
0.71,665.59,310.05,171.83,3.5,2,0.1,2,29.47
0.66,657.72,412.03,214.18,3.5,5,0.4,3,32.77
0.68,710.06,263.93,164.59,3.5,4,0.25,5,24.62
0.71,555.06,317.26,151.86,7.0,2,0.0,4,31.77
0.68,522.81,252.19,127.93,3.5,3,0.1,4,23.54
0.69,604.53,371.52,196.48,7.0,2,0.1,0,39.22
0.72,721.18,401.99,190.79,3.5,2,0.4,3,34.43
0.68,573.34,292.89,152.28,3.5,2,0.25,3,29.82
0.94,711.99,391.78,112.77,3.5,4,0.4,1,27.45
0.65,799.15,294.97,202.29,3.5,5,0.1,1,33.77
0.81,541.61,400.74,111.26,3.5,3,0.25,5,25.22
0.77,711.75,373.93,187.41,3.5,2,0.0,5,30.95
0.97,644.46,382.64,216.73,7.0,5,0.25,1,35.54
0.66,769.23,248.08,158.14,3.5,5,0.1,5,25.2
0.76,566.08,409.64,135.85,3.5,4,0.0,2,23.55
0.97,717.63,369.26,187.54,3.5,3,0.25,1,28.85
0.93,760.41,297.11,199.88,3.5,4,0.0,3,19.59
0.91,791.72,386.83,170.11,7.0,5,0.0,2,28.82
0.71,714.87,293.14,216.37,3.5,5,0.1,5,28.75
0.68,660.17,394.24,115.68,3.5,5,0.0,4,25.97
0.86,695.65,264.25,165.53,3.5,4,0.4,0,26.45
0.95,769.46,365.33,189.03,3.5,3,0.1,1,29.05
0.82,681.76,337.46,204.89,7.0,2,0.4,4,40.42
0.83,522.93,261.51,129.72,3.5,4,0.0,5,23.35
0.72,787.7,286.36,198.0,7.0,5,0.4,3,36.27
0.9,716.72,247.12,170.8,3.5,4,0.25,0,21.05
0.69,712.89,325.16,153.62,7.0,5,0.0,4,26.22
0.74,577.41,296.52,124.49,7.0,2,0.25,0,30.96
0.77,707.71,347.32,205.18,3.5,2,0.4,1,40.31
0.8,629.8,295.83,127.3,3.5,3,0.25,5,27.68
0.71,705.46,296.29,144.08,7.0,5,0.0,3,26.79
0.66,545.34,372.09,141.91,7.0,3,0.25,5,39.33
0.84,707.41,253.23,205.86,3.5,3,0.4,0,30.4
0.72,807.83,399.4,184.0,7.0,2,0.4,4,43.0
0.83,528.17,390.74,197.63,7.0,4,0.4,1,38.56
0.68,801.29,359.19,137.55,7.0,4,0.0,1,34.61
0.79,633.63,346.44,178.74,3.5,3,0.4,5,32.12
0.81,770.0,397.58,172.89,7.0,2,0.0,4,37.07
0.64,744.02,276.69,201.61,7.0,5,0.25,4,38.61
0.74,680.7,258.5,209.67,7.0,4,0.4,0,32.16
0.67,731.1,285.96,111.34,3.5,3,0.25,5,29.88
0.64,772.28,380.87,184.14,3.5,4,0.1,5,29.42
0.98,632.82,250.93,115.7,7.0,4,0.25,2,24.02
0.74,610.15,344.66,170.37,3.5,5,0.1,5,23.53
0.91,710.27,415.22,141.64,7.0,2,0.25,1,37.31
0.71,751.51,391.32,143.75,3.5,5,0.0,0,25.07
0.87,738.11,334.17,148.83,3.5,2,0.25,4,31.01
0.89,748.56,255.88,178.34,7.0,4,0.0,5,20.57
0.83,642.06,387.16,146.75,3.5,3,0.0,0,24.68
0.79,754.44,347.43,190.6,3.5,5,0.4,5,28.43
0.77,549.34,264.65,154.5,3.5,2,0.0,4,23.22
0.75,674.08,261.05,117.52,7.0,4,0.1,3,25.72
0.95,515.69,400.55,196.21,3.5,2,0.4,4,31.98
0.92,609.43,359.43,141.43,3.5,2,0.4,4,32.1
0.97,621.74,386.81,157.6,7.0,2,0.25,4,34.22
0.66,630.47,395.31,185.4,3.5,4,0.0,5,21.22
0.88,718.47,342.77,146.57,3.5,3,0.0,2,26.06
0.96,628.24,333.48,116.22,3.5,3,0.1,4,19.0
0.69,645.92,318.6,151.13,3.5,3,0.25,1,33.49
0.64,583.84,299.2,213.89,3.5,2,0.25,1,35.69
0.89,623.74,319.32,180.59,7.0,4,0.4,0,33.55
0.83,580.82,377.33,183.86,7.0,2,0.4,2,37.46
0.92,535.52,347.93,179.55,3.5,3,0.4,0,24.54
0.67,691.41,397.62,131.89,3.5,3,0.1,1,27.31
0.91,710.45,320.82,156.02,3.5,4,0.1,1,20.46
0.69,696.13,348.81,192.6,7.0,2,0.4,3,34.94
0.68,650.27,352.95,121.15,7.0,5,0.25,4,36.34
0.68,625.66,346.18,140.56,3.5,5,0.1,1,31.21
0.91,767.82,365.15,140.4,3.5,3,0.25,5,29.41
0.86,666.61,285.6,157.52,7.0,4,0.25,5,27.95
0.81,654.88,332.61,217.84,3.5,2,0.0,0,32.92
0.75,521.54,262.82,117.43,7.0,2,0.4,0,34.09
0.94,614.33,310.75,167.06,7.0,3,0.0,4,26.41
0.76,625.78,328.39,129.73,3.5,3,0.4,4,29.18
0.91,631.25,356.53,216.77,7.0,2,0.4,3,34.34
0.78,684.57,407.54,122.46,3.5,2,0.25,2,33.64
0.76,670.88,347.71,154.4,3.5,3,0.4,0,29.36
0.79,692.72,372.15,191.17,3.5,2,0.25,4,30.95
0.73,738.88,331.57,187.5,3.5,5,0.25,0,32.28
0.89,753.02,353.43,156.5,3.5,3,0.4,4,29.23
0.8,725.13,257.13,148.12,3.5,2,0.25,1,32.57
0.7,794.92,288.5,153.74,7.0,3,0.25,0,34.68
0.94,519.36,306.88,139.07,7.0,4,0.25,1,26.27
0.76,571.56,325.8,132.59,7.0,3,0.1,0,27.25
0.82,516.22,252.81,163.13,7.0,3,0.25,2,27.05
0.95,704.36,268.94,139.54,3.5,4,0.1,3,15.45
0.84,778.02,292.34,141.62,7.0,5,0.1,5,32.83
0.66,585.58,411.13,182.24,7.0,2,0.25,5,38.69
0.96,786.55,301.66,216.54,7.0,4,0.25,5,32.24
0.85,531.72,327.43,176.4,3.5,3,0.1,1,27.33
0.74,788.72,278.53,118.47,7.0,2,0.1,4,33.66
0.67,617.38,349.44,118.31,3.5,4,0.25,5,27.64
0.91,543.82,293.0,214.66,7.0,2,0.25,2,32.38
0.84,656.85,280.4,142.7,3.5,2,0.4,5,30.6
0.81,589.49,333.33,120.13,3.5,4,0.1,0,23.47
0.94,597.75,245.94,175.89,7.0,2,0.1,1,32.4
0.9,604.34,246.31,178.6,3.5,5,0.4,0,25.37
0.67,750.09,282.46,181.34,3.5,4,0.1,0,26.57
0.73,672.51,251.28,139.41,7.0,5,0.0,0,25.19
0.71,605.52,263.47,111.66,7.0,3,0.1,3,27.39
0.89,693.44,302.95,216.15,7.0,2,0.4,3,31.93
0.63,724.55,382.24,137.6,3.5,3,0.0,4,25.55
0.83,594.15,342.82,184.36,3.5,3,0.25,1,30.27
0.89,635.58,332.67,187.73,3.5,2,0.4,2,24.93
0.94,549.83,295.19,177.1,7.0,4,0.4,2,32.18
