Cement,Blast_Furnace_Slag,Fly_Ash,Water,Superplasticizer,Coarse_Aggregate,Fine_Aggregate,Age,Concrete_Compressive_Strength
266.05,13.3,12.46,178.17,9.45,907.53,830.57,180,57.42
518.41,214.3,102.55,241.69,16.92,870.42,677.75,3,82.6
422.61,82.67,161.36,171.76,22.47,1113.64,640.37,365,82.6
364.21,43.33,91.89,226.94,28.99,1062.58,980.69,90,82.6
170.34,27.66,10.4,145.41,25.51,1033.68,602.76,180,82.6
170.33,250.25,157.33,205.99,21.78,904.53,913.96,56,82.6
127.44,122.15,40.29,244.12,21.88,864.31,908.11,56,75.08
481.39,260.48,51.75,134.56,30.46,1061.22,712.47,365,82.6
365.29,23.49,32.96,122.84,9.53,964.11,648.06,14,82.6
412.14,113.32,66.08,176.08,0.04,878.67,652.05,28,70.7
111.02,193.89,151.43,133.4,8.76,1013.12,872.0,365,58.75
526.82,284.19,103.93,215.5,7.02,814.87,850.22,1,82.6
466.61,114.56,41.0,236.3,21.31,913.2,906.0,14,82.6
195.0,224.95,175.65,176.14,20.41,962.18,967.68,90,82.6
181.64,318.42,176.0,154.19,19.11,851.9,869.8,365,82.6
182.33,221.34,174.2,176.19,0.52,1139.72,656.12,56,66.16
235.26,83.73,47.78,212.38,23.47,872.93,691.04,180,82.6
331.84,8.77,90.29,122.93,10.42,845.84,929.7,365,80.67
291.19,312.71,197.1,195.6,21.41,871.02,677.43,14,82.6
229.56,7.64,154.48,198.58,17.92,1065.56,622.91,1,79.64
369.99,314.37,5.44,201.64,11.04,947.37,874.33,180,82.6
163.1,190.1,13.05,152.1,4.33,995.5,754.45,3,51.28
229.96,337.5,92.83,211.2,3.04,808.23,960.73,1,70.63
262.47,287.08,181.93,133.24,26.77,812.84,853.19,90,82.6
301.76,358.66,107.79,146.75,29.57,954.36,630.04,365,82.6
445.91,126.05,99.61,231.66,20.92,1081.93,971.82,365,82.6
189.46,275.73,21.11,214.29,3.33,1105.52,697.06,7,63.5
327.23,144.45,131.42,123.52,12.95,830.83,728.41,56,82.6
361.48,172.47,164.5,152.9,23.47,986.2,754.34,90,82.6
122.35,225.53,76.12,148.64,25.11,1115.15,614.42,365,82.6
368.1,314.0,155.2,155.7,3.81,934.46,791.91,3,82.6
176.69,353.68,192.99,152.79,0.0,1086.37,643.15,180,66.38
130.49,276.12,40.77,129.63,22.93,846.99,753.83,90,82.6
517.61,150.15,104.72,179.26,11.48,1122.78,733.79,14,82.6
524.95,151.44,57.46,213.54,8.19,1059.49,902.05,3,82.6
456.08,265.09,158.65,197.76,0.42,1124.82,914.14,180,82.6
235.42,85.82,115.58,206.04,17.4,1033.76,655.15,28,82.6
144.78,39.7,126.98,131.96,27.41,926.01,740.11,56,82.6
401.69,127.45,159.66,240.93,30.84,1123.73,742.82,90,82.6
294.79,103.23,79.23,226.78,18.22,895.79,654.35,1,82.6
155.45,106.49,183.11,222.6,16.57,915.27,912.26,180,73.24
318.89,83.96,106.66,224.84,2.74,1042.08,875.9,14,66.29
117.06,15.13,31.61,238.58,17.67,1064.27,669.89,365,58.66
500.28,6.42,139.25,189.94,12.24,1120.71,740.18,1,82.6
215.35,354.99,158.73,146.88,19.55,871.45,636.17,3,82.6
392.18,153.74,63.38,199.02,12.52,1075.51,844.4,56,82.6
238.53,138.13,171.52,214.81,7.74,1055.06,642.38,1,61.49
329.79,244.27,181.32,214.19,3.06,822.95,986.99,14,82.6
341.46,78.44,55.41,187.09,10.14,934.2,905.18,180,80.53
182.97,341.42,196.8,130.37,3.11,898.27,749.55,28,82.6
526.68,282.61,28.16,168.26,5.7,905.74,824.62,365,82.6
441.51,32.13,40.42,237.08,31.79,1139.13,957.26,56,82.6
513.5,150.08,36.86,194.97,14.3,1022.12,814.86,1,82.6
493.93,315.96,178.89,189.2,17.13,1047.88,663.56,56,82.6
363.88,339.54,130.92,155.46,28.13,1136.96,744.95,56,82.6
505.78,167.98,30.44,167.93,32.06,930.76,930.08,56,82.6
140.76,220.46,88.11,233.9,18.76,1076.83,850.78,180,82.6
187.84,60.03,123.12,205.24,26.16,950.48,853.38,56,82.6
121.81,356.23,16.7,220.38,10.53,1100.12,939.52,28,70.74
244.49,83.26,176.57,178.68,9.84,863.15,950.34,3,70.43
272.24,338.82,160.8,200.71,12.97,1127.0,960.63,14,82.6
220.85,233.48,101.09,152.9,21.65,876.26,631.81,28,82.6
464.99,218.42,193.52,210.12,21.97,913.22,810.89,14,82.6
258.26,184.26,83.59,175.34,10.15,1061.13,889.17,3,82.6
225.05,82.9,196.92,177.21,4.29,936.45,895.71,90,58.01
339.7,63.44,133.65,203.1,20.36,1010.22,835.84,3,82.6
163.72,79.24,127.0,239.02,4.13,953.93,660.48,1,43.34
453.36,67.01,33.21,129.81,18.63,1056.38,911.85,28,82.6
134.65,280.18,176.47,225.06,22.33,879.55,881.04,1,82.6
534.26,125.84,85.54,158.41,22.56,821.11,628.33,1,82.6
440.24,20.79,32.46,177.38,24.26,904.18,778.87,1,82.6
189.04,348.3,2.52,124.54,28.11,964.16,663.35,56,82.6
104.42,317.63,112.01,159.49,16.1,858.8,728.52,365,81.91
459.17,333.43,105.53,184.73,23.51,923.05,601.21,1,82.6
411.6,357.57,143.94,128.83,19.94,938.59,753.57,28,82.6
421.31,62.5,178.14,183.29,6.01,820.74,813.18,365,82.6
439.82,142.41,15.89,237.87,0.83,1001.66,840.97,365,71.54
134.43,272.51,146.37,135.0,9.16,1105.21,858.47,1,80.89
259.01,250.15,37.5,217.51,14.27,853.2,927.35,180,82.6
152.75,55.31,171.72,173.09,19.87,1006.65,679.88,1,75.03
480.04,293.21,163.89,203.83,27.37,1029.67,642.02,180,82.6
375.0,80.66,108.21,154.38,6.32,945.25,933.42,1,82.37
246.93,80.44,142.12,141.77,4.04,1042.18,656.43,28,66.32
129.84,192.99,62.9,141.89,31.02,942.29,982.54,180,82.6
238.21,213.1,94.28,130.63,3.48,974.6,929.84,56,69.84
244.43,208.48,164.41,145.04,15.41,803.53,793.65,365,82.6
421.57,32.88,91.9,204.96,18.86,1038.95,985.19,1,82.6
381.25,315.36,71.6,232.19,17.43,1028.5,632.81,365,82.6
490.6,95.46,98.89,223.73,2.77,814.21,714.8,1,82.6
308.83,46.55,165.73,207.58,1.84,927.68,848.4,7,55.12
154.38,319.42,67.08,135.63,3.4,1137.79,733.51,1,70.87
414.4,343.46,34.77,158.01,18.86,945.73,964.05,7,82.6
435.22,309.85,142.47,160.59,17.53,973.67,620.16,3,82.6
347.84,290.94,165.28,153.09,7.53,1114.02,813.0,3,82.6
439.68,235.49,20.14,186.28,20.54,1047.74,829.52,365,82.6
318.28,197.98,48.0,188.85,26.41,1001.23,854.18,180,82.6
330.96,31.26,28.41,166.48,1.34,1075.44,695.91,1,52.29
289.26,146.8,69.62,166.09,16.04,1098.34,739.32,14,82.6
113.13,133.94,90.12,225.54,22.2,958.17,930.29,1,82.6
149.26,93.36,149.84,220.62,8.12,964.44,671.7,1,47.24
115.77,260.0,130.29,160.34,9.91,933.8,923.59,14,75.69
380.75,178.22,124.25,236.21,19.76,1133.55,818.27,3,82.6
239.69,29.13,70.51,241.09,28.91,1040.83,897.81,7,82.6
324.75,79.13,168.37,162.71,26.08,829.63,878.44,365,82.6
499.51,245.56,94.3,166.17,18.78,1097.86,676.71,3,82.6
211.19,27.36,195.92,185.11,23.51,966.31,820.73,14,82.6
281.75,305.92,126.89,239.63,11.75,824.65,939.87,1,82.6
432.93,177.96,25.27,231.52,20.64,990.1,766.24,3,82.6
202.21,172.72,135.3,134.64,15.01,944.5,979.28,28,82.6
135.72,212.91,65.05,170.97,6.12,1102.95,774.25,1,60.8
228.91,296.39,137.33,191.08,22.6,871.17,650.91,90,82.6
172.61,125.0,13.94,184.79,17.92,1085.3,749.23,14,75.99
509.21,243.68,34.99,146.07,11.55,992.84,973.35,56,82.6
455.96,203.32,171.23,229.32,29.35,819.79,721.44,180,82.6
379.43,95.97,45.46,206.55,0.67,1135.31,940.02,56,72.75
483.7,315.78,167.49,226.71,10.17,977.34,945.27,3,82.6
454.01,286.59,55.88,229.32,1.83,901.06,733.58,1,80.74
183.72,236.65,128.64,215.49,24.68,962.48,627.19,180,82.6
492.94,305.7,138.9,176.79,22.61,1096.1,882.81,180,82.6
338.23,311.71,102.58,198.24,10.67,905.89,718.17,365,82.6
455.66,254.59,61.09,141.88,21.76,867.28,906.07,56,82.6
494.49,300.82,42.55,206.14,12.75,845.4,770.44,1,82.6
241.29,250.67,6.64,144.24,24.35,903.46,787.43,365,82.6
150.2,244.44,60.82,208.68,14.62,1069.34,904.07,7,81.43
201.84,222.33,130.7,150.55,13.28,963.24,746.41,56,82.6
289.07,270.53,187.75,136.52,30.1,879.25,770.63,365,82.6
460.29,57.0,174.33,142.49,8.08,858.17,743.95,7,82.6
479.0,316.58,153.29,122.05,3.88,915.46,740.42,28,82.6
105.05,313.34,157.77,211.79,18.82,1124.33,803.64,28,82.6
325.71,10.51,133.06,213.5,31.21,919.0,916.39,90,82.6
284.83,296.8,52.08,186.27,12.17,1140.91,738.2,14,82.6
199.28,46.32,181.53,142.0,2.0,967.92,802.97,14,56.53
154.5,120.44,134.21,132.26,10.93,862.63,861.35,90,66.7
249.88,267.22,112.14,124.19,16.29,1107.55,701.4,365,82.6
514.99,57.78,22.21,142.55,5.21,959.36,704.62,14,82.6
243.56,293.98,89.46,233.34,21.19,1045.13,966.06,14,82.6
329.23,299.07,92.12,152.04,32.13,1139.4,882.4,56,82.6
409.92,182.38,173.0,166.15,14.55,818.26,824.07,56,82.6
261.27,2.3,109.38,134.99,11.42,834.26,852.18,90,74.6
527.64,103.16,76.12,149.64,12.9,1048.84,605.68,1,82.6
523.55,221.72,195.46,186.81,3.71,897.95,840.38,7,82.6
212.28,352.64,22.16,197.89,28.44,864.4,797.09,365,82.6
319.79,227.07,84.55,152.52,13.36,814.54,811.54,56,82.6
233.78,93.37,8.41,129.03,12.47,808.52,737.27,56,70.82
226.76,227.86,148.05,170.76,21.24,1067.42,626.48,28,82.6
118.16,194.07,183.71,151.12,14.23,847.25,671.07,7,77.73
368.99,280.28,56.04,149.29,20.87,961.9,972.97,28,82.6
322.17,38.45,171.75,241.97,1.98,1009.43,756.91,1,61.81
124.55,273.51,58.47,198.96,26.2,948.35,780.02,7,82.6
224.05,194.53,182.25,191.52,30.28,810.32,615.01,14,82.6
499.82,346.1,150.87,173.86,20.89,1070.52,608.97,28,82.6
206.93,122.87,161.06,175.5,30.74,804.62,879.87,365,82.6
165.46,227.36,3.6,189.52,4.88,1063.09,808.48,14,51.54
316.38,334.97,192.66,208.99,15.37,1108.3,796.77,7,82.6
533.71,36.84,145.41,209.71,19.38,949.9,690.91,1,82.6
208.02,336.84,60.98,143.3,18.73,985.23,890.86,56,82.6
396.4,247.23,165.96,184.41,12.93,965.08,661.06,90,82.6
435.59,24.38,56.33,173.38,10.89,934.89,669.71,180,82.6
206.09,108.17,174.64,230.79,4.08,1106.27,777.64,1,53.88
420.96,254.52,22.53,200.85,12.61,1108.51,708.11,14,82.6
263.09,24.21,140.81,188.47,5.24,916.52,692.64,28,57.26
378.95,209.23,108.19,136.25,23.65,1012.58,851.19,3,82.6
379.49,124.31,19.32,197.63,6.72,1119.86,853.48,1,80.03
336.67,223.16,48.4,136.47,1.89,1131.95,922.65,180,82.6
141.55,16.44,2.48,164.02,17.79,976.08,760.5,56,69.44
467.86,313.23,93.8,139.68,19.17,956.77,623.13,28,82.6
242.5,349.87,60.28,208.45,28.08,896.87,703.08,365,82.6
183.7,348.21,119.73,147.62,18.58,1130.85,984.63,3,82.6
119.86,269.42,59.48,170.86,11.12,850.13,831.67,180,70.53
360.81,46.75,60.01,233.94,25.86,1000.46,876.9,365,82.6
398.77,272.52,148.71,147.38,17.4,898.2,596.93,1,82.6
109.27,8.84,9.63,185.38,2.55,896.98,800.56,90,14.68
326.3,7.95,180.67,174.29,18.22,940.31,608.96,180,82.6
201.21,116.31,170.54,124.07,29.24,1144.58,820.9,7,82.6
384.59,175.62,133.63,221.05,12.76,819.91,961.02,14,82.6
178.37,276.88,118.7,130.44,9.54,1000.02,980.01,7,80.51
404.63,245.58,178.55,181.18,4.62,829.4,809.46,90,82.6
271.39,160.26,37.08,192.0,4.88,854.16,776.64,365,54.88
512.29,98.34,15.8,200.48,13.94,952.21,970.68,7,82.6
162.23,358.37,47.93,208.02,19.18,976.6,862.5,56,82.6
251.39,153.17,159.0,153.51,2.6,890.02,619.87,180,65.54
151.7,162.23,6.94,123.05,30.25,909.86,779.64,56,82.6
507.02,58.81,116.62,212.38,24.32,830.92,689.76,3,82.6
486.27,285.65,199.19,188.86,18.89,905.31,781.26,90,82.6
214.98,249.31,171.22,226.48,26.68,1133.5,775.55,3,82.6
391.07,79.34,104.34,224.64,2.58,1125.98,826.04,3,70.4
459.94,29.61,12.73,227.38,15.35,916.2,736.21,3,82.6
345.18,244.57,166.36,182.53,20.29,997.37,659.48,1,82.6
333.99,235.23,119.86,163.57,26.68,1113.9,794.78,1,82.6
207.93,98.21,23.0,220.9,25.23,803.13,924.92,90,82.6
142.78,341.74,18.78,178.3,8.92,1079.88,858.68,28,80.86
494.98,54.29,182.02,144.77,30.3,1127.24,728.87,7,82.6
496.38,155.38,133.91,228.84,4.0,832.42,966.9,1,82.6
379.3,339.14,165.94,232.3,28.18,856.54,957.61,56,82.6
250.5,150.85,175.88,180.18,31.26,1131.5,677.45,1,82.6
254.95,229.49,114.41,131.28,5.7,985.91,609.71,365,78.53
419.97,142.9,103.54,170.36,23.25,805.88,889.49,3,82.6
494.93,98.55,86.13,222.4,1.3,889.63,923.89,1,82.6
490.54,353.64,63.42,234.7,13.05,955.78,979.79,90,82.6
443.59,147.11,86.96,147.27,16.62,1039.36,948.69,56,82.6
383.21,321.34,154.85,130.19,18.7,1053.21,833.37,56,82.6
138.85,82.65,120.44,231.64,30.14,1143.43,805.28,28,82.6
172.79,76.59,178.59,170.55,21.65,899.9,605.1,14,82.6
495.57,11.19,88.72,189.63,15.5,986.15,692.32,14,82.6
367.62,234.21,121.48,243.0,26.07,984.46,777.2,7,82.6
106.03,132.45,126.32,130.13,30.61,940.54,844.52,180,82.6
146.44,310.65,118.4,202.97,0.71,859.19,816.12,90,51.39
392.61,170.07,140.6,131.08,31.64,1137.25,890.01,365,82.6
104.22,347.97,47.51,168.81,2.77,1094.54,705.52,1,58.74
172.43,66.68,102.52,222.44,26.22,972.43,819.19,90,82.6
342.35,312.18,20.86,176.07,9.03,1008.52,629.13,14,82.6
405.05,279.11,76.94,246.65,4.26,879.18,758.89,90,82.6
387.56,277.07,97.58,191.79,14.16,988.06,893.01,1,82.6
200.23,303.62,130.51,162.01,20.74,1040.07,870.39,28,82.6
413.93,273.51,190.2,149.36,12.27,978.22,988.87,7,82.6
205.92,225.06,120.19,165.69,1.76,1141.66,704.77,28,74.2
244.53,47.17,148.79,168.44,19.3,1011.3,792.58,14,82.6
428.96,11.69,101.3,130.4,29.06,928.61,725.35,3,82.6
386.54,330.95,126.88,168.07,12.34,1066.62,769.62,14,82.6
473.96,221.62,14.19,179.92,6.97,859.64,935.58,7,82.6
390.03,286.28,50.9,212.29,14.25,933.27,866.73,1,82.6
350.92,173.06,72.41,204.02,1.56,920.35,945.74,180,71.17
143.03,42.16,94.55,210.54,26.42,949.54,675.12,28,82.6
263.06,44.99,9.13,122.85,26.61,1069.93,942.12,14,82.6
218.16,246.39,28.02,149.05,18.93,967.56,617.82,28,82.6
208.87,154.65,55.39,204.64,11.37,1074.14,948.2,14,79.1
528.18,72.07,194.4,182.4,25.75,999.31,725.17,7,82.6
274.18,176.68,66.3,122.47,17.86,918.67,719.39,28,82.6
492.72,23.08,96.46,222.52,26.6,1079.63,798.12,14,82.6
378.44,209.16,39.24,218.56,20.33,882.97,968.96,1,82.6
450.13,96.68,122.22,190.46,25.26,878.19,613.05,7,82.6
322.16,286.64,56.16,130.12,19.27,974.55,734.4,180,82.6
354.68,111.54,41.42,217.77,13.34,890.73,935.43,90,82.6
317.72,163.61,103.37,194.88,30.85,804.13,751.87,3,82.6
187.52,4.18,1.1,219.7,17.42,1024.01,673.38,1,63.75
418.43,26.04,1.53,215.92,19.48,976.82,763.32,7,82.6
224.98,141.06,43.84,222.34,7.1,954.26,747.68,28,56.76
112.65,172.49,7.35,186.65,20.15,1133.64,958.88,1,78.59
384.72,215.65,21.62,139.37,18.41,997.49,897.71,7,82.6
179.57,104.82,67.81,205.83,5.95,1098.02,795.34,7,58.37
513.92,249.78,160.6,199.48,1.92,848.97,987.96,28,82.6
519.82,309.13,114.47,214.73,19.46,996.81,779.46,7,82.6
502.71,280.28,102.58,143.07,24.59,1099.58,617.21,365,82.6
264.13,14.24,58.73,146.21,16.85,1001.59,698.54,1,82.6
108.77,172.69,186.44,233.28,7.3,1048.0,767.82,14,58.73
508.6,37.71,79.44,215.7,21.46,928.98,656.54,14,82.6
289.54,86.99,17.43,235.51,2.58,832.8,971.7,1,53.83
525.39,354.61,123.48,216.79,14.23,958.52,899.67,3,82.6
524.07,51.21,22.78,196.56,5.26,936.7,700.94,1,82.6
475.62,179.3,69.08,203.7,5.94,1099.27,829.49,56,82.6
230.97,222.17,101.53,233.12,6.51,884.93,881.57,7,66.19
270.67,252.47,174.93,194.27,12.45,1133.56,969.19,90,82.6
474.8,201.14,98.76,200.98,1.65,1130.6,945.42,28,82.6
240.81,3.51,140.52,141.39,12.81,886.19,799.36,365,82.6
176.24,117.33,198.66,181.13,16.48,920.73,902.78,90,82.27
345.88,186.07,26.31,211.49,15.56,1109.07,818.07,14,82.6
512.04,31.58,54.97,155.72,12.33,1133.52,814.31,28,82.6
406.86,126.02,78.95,147.12,27.02,953.54,639.74,28,82.6
351.69,11.93,84.41,161.09,4.68,911.42,644.28,28,70.57
144.56,28.24,82.25,152.04,16.28,981.98,805.07,365,64.52
371.37,142.65,181.61,148.71,2.0,1037.59,701.17,7,82.6
535.64,47.7,142.88,174.99,2.29,895.08,602.39,56,81.51
163.36,203.97,121.64,235.46,18.48,1054.35,882.12,180,82.6
329.03,247.79,61.91,185.28,18.23,818.77,606.95,365,82.6
486.29,287.73,164.84,145.33,28.27,817.96,831.28,90,82.6
426.46,71.93,191.11,131.44,17.96,933.88,808.92,7,82.6
407.29,60.19,164.32,208.96,30.91,922.59,980.17,1,82.6
409.69,37.58,0.31,169.73,1.57,909.58,787.01,14,66.33
259.46,228.73,127.34,224.69,3.16,969.91,619.35,56,70.29
230.59,253.91,10.23,204.37,1.42,911.33,813.9,7,51.92
456.5,11.35,51.55,221.49,5.97,867.14,929.26,1,79.98
456.83,336.47,11.91,155.85,17.43,907.46,991.34,56,82.6
481.78,18.68,120.82,208.48,20.79,1136.37,765.53,1,82.6
502.0,194.54,137.39,154.86,1.47,942.42,721.67,365,82.6
325.97,254.84,22.91,239.37,30.46,953.98,955.39,1,82.6
321.66,313.03,76.81,201.47,27.12,999.33,670.23,56,82.6
451.65,256.64,91.29,162.43,9.55,1139.27,839.31,1,82.6
386.68,288.14,73.85,155.54,2.49,884.11,755.72,90,82.6
409.46,122.0,24.22,145.7,5.47,1035.36,610.38,7,82.6
450.56,292.85,83.83,208.77,4.09,1047.3,732.43,56,82.6
491.82,28.79,150.31,149.18,3.97,1009.92,699.72,90,82.6
250.04,321.6,14.21,196.33,16.7,831.47,867.48,1,82.6
266.51,196.8,16.04,154.93,7.92,1033.84,972.19,1,76.59
143.16,293.74,70.99,204.68,11.53,823.05,700.84,28,76.32
355.29,162.56,188.44,223.83,31.86,1006.07,917.45,56,82.6
117.74,231.3,133.78,219.21,22.03,1055.42,616.07,365,82.6
305.93,189.19,135.8,217.06,30.56,873.57,808.5,1,82.6
339.68,262.93,72.42,145.3,4.59,1090.52,622.12,14,82.6
227.51,29.34,118.79,132.87,12.3,811.44,966.31,180,76.64
360.78,21.69,2.03,209.31,17.86,1091.27,899.47,365,82.6
115.36,88.81,127.28,167.92,2.47,959.35,856.26,7,35.54
118.36,57.34,182.75,175.93,0.13,875.85,922.41,3,34.02
462.3,313.32,122.58,125.7,21.59,847.02,852.1,14,82.6
259.76,78.79,174.83,154.3,20.67,1128.94,980.22,3,82.6
157.65,350.73,144.87,126.02,13.23,826.0,878.58,1,82.6
330.74,121.08,24.12,231.87,15.77,869.49,962.57,7,82.6
439.26,65.45,180.58,152.27,13.38,920.65,800.13,90,82.6
196.53,283.82,13.3,191.58,0.77,1014.36,640.66,1,48.49
374.83,236.74,106.85,126.68,10.8,988.41,804.53,3,82.6
139.38,179.05,28.44,205.29,5.7,844.22,644.57,1,44.42
124.64,199.6,2.34,162.24,3.17,900.67,830.17,180,30.31
334.73,258.48,84.45,234.22,30.81,883.13,786.32,28,82.6
338.8,82.11,59.04,232.99,19.3,874.46,842.16,180,82.6
381.19,358.08,97.25,162.53,23.46,942.43,598.0,7,82.6
420.03,350.34,115.5,234.6,10.15,1043.19,671.66,90,82.6
529.42,233.73,8.75,246.52,12.66,875.8,789.84,180,82.6
328.14,71.72,24.61,225.14,7.63,927.14,972.87,56,74.77
243.45,244.47,111.78,227.58,3.12,935.48,746.91,90,65.52
450.29,25.95,68.67,152.98,5.76,1136.9,763.15,3,82.6
220.62,11.02,145.91,194.0,25.68,1129.41,878.88,180,82.6
294.27,92.61,130.52,130.22,21.82,1076.25,834.67,28,82.6
136.36,166.27,169.21,133.68,17.61,884.13,713.15,90,82.6
113.1,312.06,138.57,246.86,15.3,824.4,757.75,1,74.41
523.64,261.34,86.03,162.7,29.7,910.02,680.78,28,82.6
468.16,266.93,134.66,215.47,2.34,892.78,979.06,1,82.6
406.84,152.92,55.1,222.79,9.04,975.04,646.07,180,82.6
281.12,124.33,61.29,229.22,11.27,1068.54,742.21,14,82.6
177.9,133.35,157.88,246.7,25.19,1096.26,604.3,14,82.6
170.52,354.96,89.33,152.04,31.96,1091.63,682.4,3,82.6
211.61,14.42,159.76,126.85,7.75,924.73,905.1,28,68.36
342.56,311.61,164.57,173.28,28.15,1037.41,674.19,1,82.6
414.99,207.98,171.6,138.09,26.75,908.61,625.91,365,82.6
391.17,157.64,183.42,124.61,7.23,821.95,783.12,28,82.6
224.61,260.66,86.24,166.93,12.86,1042.34,597.97,56,82.6
520.23,174.91,63.81,219.92,13.19,804.38,627.79,3,82.6
425.2,313.91,116.5,192.69,31.5,941.76,915.92,1,82.6
344.81,323.71,74.27,160.96,5.82,914.31,901.51,14,82.6
369.93,151.57,120.27,203.72,25.73,1039.52,958.77,90,82.6
285.78,99.49,141.19,150.85,10.76,1064.59,934.61,56,82.6
210.51,212.89,137.75,123.6,23.53,905.61,866.31,1,82.6
257.92,327.9,74.95,217.5,13.52,1080.2,614.86,1,82.6
433.94,75.71,33.39,199.89,18.62,902.11,906.04,180,82.6
108.3,223.89,86.15,217.24,26.81,954.54,931.02,14,82.6
152.84,226.98,28.53,126.68,25.89,1051.09,912.51,28,82.6
122.15,263.48,178.11,226.61,27.9,1039.36,796.68,90,82.6
119.84,47.29,69.21,199.36,1.92,1140.65,686.83,180,27.14
476.69,257.27,30.91,192.34,22.28,878.46,930.95,90,82.6
410.2,326.71,5.09,200.0,4.51,1028.84,883.85,3,82.6
309.69,64.58,129.23,230.03,13.39,1010.73,984.93,14,78.1
144.85,85.37,127.44,195.28,17.66,1115.79,656.06,1,74.66
317.33,349.12,68.15,194.53,12.97,854.79,683.95,365,82.6
309.38,65.04,14.35,245.83,16.73,1059.62,678.42,7,76.34
177.86,307.07,81.97,216.54,32.09,996.48,909.91,7,82.6
292.03,176.92,62.27,177.18,4.35,895.49,668.5,365,65.77
276.55,88.85,135.49,210.37,21.75,964.21,620.57,7,82.6
371.74,312.95,121.22,170.53,12.75,915.82,992.03,180,82.6
380.17,160.04,72.96,150.46,4.28,1000.28,603.89,3,81.99
121.84,185.03,43.6,196.53,5.11,1106.82,926.93,7,44.99
266.08,129.11,197.71,238.01,30.57,996.84,739.64,3,82.6
376.13,213.11,90.85,238.13,28.32,1018.31,929.47,1,82.6
322.37,58.77,137.72,164.61,29.21,979.45,815.07,3,82.6
477.14,140.55,28.12,187.87,31.93,818.6,953.39,180,82.6
390.51,348.41,97.17,148.3,6.71,881.1,963.18,365,82.6
173.37,92.77,5.51,246.45,11.45,970.25,597.63,3,39.51
132.91,236.03,101.14,244.64,21.55,907.72,624.06,90,82.6
383.38,116.87,192.9,203.12,15.58,863.53,693.79,28,82.6
113.61,277.99,76.88,222.51,13.47,974.42,860.79,7,82.6
358.57,47.04,7.8,211.33,11.52,912.05,948.07,365,79.91
513.82,348.55,6.19,196.06,19.12,889.79,777.33,56,82.6
354.06,163.09,77.64,128.48,18.53,960.61,835.94,1,82.6
272.02,84.84,32.02,178.74,5.2,846.85,669.14,28,58.68
383.76,26.41,4.67,206.28,15.19,1120.14,914.86,90,82.6
302.71,61.01,151.32,206.63,17.82,1099.49,979.58,14,82.6
340.98,186.81,91.75,168.51,18.36,1044.42,701.06,180,82.6
514.36,121.12,57.88,239.7,6.77,837.54,791.24,28,82.6
271.11,297.9,180.11,142.75,23.9,1067.9,628.33,365,82.6
523.0,154.86,23.24,184.45,0.81,1078.94,816.87,365,82.6
498.54,89.39,191.28,208.3,11.43,1065.11,794.41,365,82.6
187.76,221.8,62.82,209.08,25.12,840.2,651.57,1,82.6
132.38,254.02,177.77,203.01,18.16,1022.5,770.21,3,82.6
146.14,60.03,120.65,156.27,8.41,1088.01,727.17,7,42.88
109.98,60.24,165.42,141.36,22.38,999.61,802.0,14,82.28
143.37,13.18,196.9,201.42,18.27,1023.36,827.44,365,70.96
401.16,264.66,57.71,196.83,25.64,958.68,597.39,56,82.6
133.18,238.57,192.32,144.26,23.67,982.88,897.34,1,82.6
241.71,170.58,77.94,210.08,19.65,812.83,878.21,365,82.6
472.06,303.39,77.14,178.79,15.72,1020.8,740.0,56,82.6
112.19,289.56,68.11,205.4,4.29,829.02,615.1,14,51.02
458.74,210.38,108.34,226.64,8.41,950.65,894.92,14,82.6
225.45,312.06,30.84,143.05,13.5,901.67,974.73,7,82.6
153.76,73.98,110.8,124.2,19.3,988.63,689.72,90,82.6
407.17,40.22,108.4,219.34,16.54,846.9,722.96,7,82.6
377.48,96.95,152.46,198.13,9.28,1038.93,667.27,3,82.6
486.33,20.52,166.81,209.39,0.21,1074.48,823.97,180,78.48
423.96,190.9,88.13,226.74,15.98,857.19,655.72,14,82.6
453.92,336.62,60.5,222.31,9.2,836.88,735.98,180,82.6
225.53,14.14,51.89,242.11,23.65,851.06,871.83,1,80.62
179.72,43.89,38.94,188.9,0.77,1102.73,817.26,28,33.08
430.77,162.52,11.54,182.96,18.83,982.7,748.04,365,82.6
455.39,335.63,68.52,172.12,30.32,961.74,761.51,1,82.6
535.84,113.63,54.08,141.04,5.62,837.71,818.06,14,82.6
282.73,182.3,193.38,193.49,15.19,1024.45,596.34,56,82.6
264.94,14.94,111.6,156.48,2.94,1099.59,625.29,180,52.0
442.07,53.31,69.49,237.15,20.15,1085.9,945.27,7,82.6
251.27,354.59,116.15,194.82,17.73,1016.36,625.04,28,82.6
509.67,346.86,27.85,196.02,13.12,826.9,875.73,90,82.6
477.98,1.78,88.85,166.24,16.79,839.66,960.73,1,82.6
289.9,342.08,125.31,128.31,28.87,817.96,701.89,90,82.6
430.88,229.7,97.83,125.77,6.32,889.57,741.68,180,82.6
432.49,311.93,80.4,174.8,0.73,847.67,820.77,180,82.6
147.17,163.43,198.87,132.39,27.75,890.46,945.45,365,82.6
497.32,185.31,176.15,197.78,18.58,933.46,969.44,56,82.6
323.3,175.69,124.74,232.1,28.68,1125.39,888.79,56,82.6
463.99,239.67,113.93,232.34,19.22,1010.97,628.53,3,82.6
242.18,50.19,124.19,204.31,26.09,1088.23,860.72,7,82.6
494.24,10.77,40.28,148.25,13.84,1045.36,757.55,14,82.6
272.47,110.67,79.07,229.85,24.15,839.7,781.62,14,82.6
106.75,253.26,7.9,232.74,29.4,1054.16,613.59,180,82.6
498.56,72.55,95.16,146.42,18.42,895.63,670.16,1,82.6
141.98,242.03,108.66,214.13,5.82,1020.85,909.1,14,52.6
241.86,348.59,45.57,157.67,8.66,918.29,774.95,14,82.6
518.13,33.75,192.9,222.29,6.4,1144.2,714.24,1,82.6
518.37,241.73,181.98,246.65,7.95,891.66,747.07,7,82.6
353.17,159.48,144.5,125.56,9.87,897.02,934.56,28,82.6
378.74,312.01,106.73,234.15,17.88,1121.15,892.55,56,82.6
298.42,63.67,174.08,199.75,18.93,809.48,702.54,365,82.6
230.43,248.93,26.14,243.67,13.73,1040.66,640.84,365,82.6
245.96,301.22,158.18,180.02,19.82,1050.51,694.45,365,82.6
396.56,339.49,24.98,227.89,2.63,1088.71,961.01,1,82.6
431.54,245.56,158.92,129.61,2.83,1136.21,825.82,365,82.6
448.71,178.68,55.18,163.78,5.53,1136.61,806.65,180,82.6
447.85,222.05,175.51,130.19,16.68,823.46,831.72,3,82.6
141.95,312.28,188.9,243.91,6.89,1083.71,739.9,1,76.81
318.56,205.08,29.77,224.09,9.12,1023.33,915.71,1,80.51
127.21,10.92,92.58,228.54,12.89,1023.69,802.58,56,42.06
342.69,334.58,196.3,239.23,26.14,845.15,640.54,365,82.6
295.39,247.82,96.73,132.45,0.45,1024.66,645.45,90,74.08
490.81,243.14,172.8,170.08,20.91,1138.97,807.99,28,82.6
255.7,77.51,117.81,130.69,21.54,1114.67,967.32,3,82.6
153.28,236.8,75.1,148.19,25.72,952.06,716.91,1,82.6
164.63,141.55,57.19,150.52,30.03,814.74,940.6,3,82.6
435.54,234.05,40.66,180.53,0.65,925.63,898.57,1,82.6
372.78,38.31,152.44,155.42,4.95,1085.28,692.78,7,81.57
146.29,236.43,77.35,134.44,28.53,1042.32,608.49,56,82.6
138.84,359.19,102.31,142.77,14.76,959.01,634.6,180,82.6
409.02,17.33,98.51,140.24,18.18,819.95,884.38,7,82.6
133.87,351.2,115.51,243.63,21.35,947.85,673.59,365,82.6
461.97,146.24,173.2,216.86,21.87,962.34,741.99,28,82.6
411.33,312.95,196.25,242.96,30.0,1120.42,793.98,90,82.6
137.63,281.19,81.56,176.86,32.1,1021.53,883.17,180,82.6
139.16,203.79,165.59,156.65,23.19,908.21,639.13,7,82.6
534.15,265.4,152.98,221.75,9.25,981.71,755.98,3,82.6
265.93,315.74,114.76,162.65,28.33,823.72,787.35,3,82.6
264.34,145.25,191.31,159.28,1.58,1135.56,809.57,28,71.4
458.01,117.54,40.11,150.91,7.44,924.86,920.2,1,82.6
516.89,239.93,21.86,138.04,28.9,965.39,662.43,3,82.6
533.87,290.34,170.88,153.91,8.25,923.22,916.0,365,82.6
431.98,273.97,87.87,166.29,7.1,1035.78,870.18,90,82.6
266.8,286.73,169.48,206.18,4.45,1028.81,815.57,56,79.35
138.57,156.55,178.71,129.63,27.66,1047.07,872.83,365,82.6
442.39,293.93,12.5,148.16,16.1,893.24,758.23,90,82.6
346.58,43.2,176.78,223.09,21.73,909.59,649.17,28,82.6
287.81,195.69,89.71,140.19,7.7,844.09,859.37,365,82.6
498.98,2.07,102.14,164.7,24.41,1026.5,803.13,56,82.6
150.7,116.66,125.38,230.06,24.47,814.69,848.85,56,82.6
317.77,131.71,185.37,141.2,10.07,1006.6,728.73,14,82.6
106.97,142.38,3.83,132.16,13.22,1100.18,955.48,1,58.44
307.27,249.95,95.42,182.46,6.75,1107.45,828.13,28,82.6
126.66,139.65,137.61,159.66,31.45,955.47,628.04,365,82.6
154.04,161.26,144.61,192.34,20.79,959.0,773.29,180,82.6
153.48,85.37,138.58,222.44,30.09,827.48,895.48,180,82.6
386.35,134.15,26.9,138.97,9.77,1031.74,910.54,28,82.6
428.77,81.68,59.91,194.5,25.18,1083.51,791.15,365,82.6
357.52,26.31,71.78,185.09,24.66,885.16,950.65,7,82.6
523.43,216.88,160.97,139.84,22.27,945.93,700.69,7,82.6
266.19,240.16,55.78,199.92,31.09,1089.56,757.66,1,82.6
227.14,222.64,42.16,156.06,12.67,1102.73,952.18,365,82.6
482.45,166.58,191.59,182.88,4.21,884.65,951.25,56,82.6
199.93,136.5,1.77,132.1,21.63,990.4,867.33,3,82.6
523.89,310.28,199.66,179.34,23.48,867.22,936.39,180,82.6
107.32,186.56,135.43,160.17,18.52,836.05,629.39,365,79.09
526.81,172.22,165.78,224.76,6.66,1114.43,938.79,365,82.6
120.9,9.22,58.95,128.93,16.24,1083.25,721.8,3,55.08
492.32,122.64,2.86,174.21,10.05,1062.45,665.08,3,82.6
333.13,136.64,147.65,179.2,13.76,817.78,689.41,90,82.6
536.92,143.34,166.91,212.57,20.78,1091.24,760.6,14,82.6
134.32,208.51,148.17,193.7,24.0,951.69,694.13,1,82.6
344.59,191.78,28.58,205.33,7.48,918.78,721.78,180,74.67
526.55,218.48,150.76,219.09,13.05,988.99,647.8,3,82.6
331.12,274.9,153.86,229.75,8.67,832.43,712.06,7,82.6
377.68,292.19,131.77,161.1,6.4,1061.29,822.11,28,82.6
406.74,258.09,153.3,189.16,25.23,1001.36,770.12,7,82.6
301.09,343.42,169.27,226.98,29.28,865.19,732.2,90,82.6
376.87,6.55,122.78,245.68,11.92,865.75,891.54,90,80.63
357.93,70.36,17.73,233.17,24.19,864.38,950.15,3,82.6
496.71,2.72,97.57,168.31,28.88,820.61,895.66,90,82.6
121.91,232.7,15.54,146.23,27.25,1003.2,726.34,56,82.6
225.06,322.75,81.55,183.07,5.89,1090.08,890.73,365,80.98
518.28,87.51,81.46,214.65,30.79,807.02,654.58,365,82.6
491.94,333.18,13.21,183.47,12.13,817.86,645.94,3,82.6
301.58,21.66,69.8,182.29,10.92,998.03,731.77,90,67.22
373.62,335.84,22.21,226.75,2.01,1082.91,915.95,28,82.6
223.49,126.37,161.73,167.05,15.65,913.4,692.19,56,82.6
184.4,36.45,189.63,229.45,3.51,921.27,619.21,1,40.75
305.1,174.62,14.47,172.73,8.0,1006.14,646.5,90,74.48
256.77,92.29,191.12,162.89,10.21,895.33,936.3,56,77.66
357.64,102.38,104.57,178.64,26.04,810.15,846.63,14,82.6
136.05,110.44,59.94,217.26,28.19,1053.92,694.93,1,82.6
528.78,288.61,15.38,137.58,9.74,1016.22,815.34,365,82.6
533.96,193.77,100.17,146.39,27.65,1000.78,804.29,14,82.6
407.79,111.88,158.98,240.92,27.6,1056.14,855.26,3,82.6
336.81,219.35,141.49,143.77,24.62,1033.28,686.95,180,82.6
237.57,257.38,10.05,192.88,4.72,871.82,938.55,3,64.06
458.44,97.98,14.59,194.33,22.23,922.25,717.31,28,82.6
401.91,148.63,80.61,183.1,30.43,844.38,870.68,56,82.6
173.23,43.81,59.09,202.52,21.98,845.67,600.43,180,78.7
500.99,65.11,46.5,150.57,10.68,1033.61,742.54,1,82.6
462.27,244.79,56.23,190.99,16.12,1096.36,734.19,1,82.6
518.01,65.21,160.78,168.4,20.79,1132.18,810.63,14,82.6
419.87,188.74,185.94,204.64,16.44,1017.15,622.99,28,82.6
370.68,254.83,81.06,139.48,3.86,864.33,908.95,365,82.6
285.19,38.41,181.31,193.27,10.05,837.34,680.81,90,82.6
510.54,203.89,64.33,145.0,25.84,1080.62,863.87,90,82.6
481.34,92.21,95.34,156.69,27.74,1000.09,914.16,180,82.6
121.81,346.08,45.23,149.18,4.42,1013.69,817.96,28,58.1
113.55,173.79,128.16,144.69,30.67,1069.82,889.32,28,82.6
266.89,289.67,195.89,225.18,10.59,1042.93,857.82,1,82.6
457.02,197.75,120.76,157.57,21.33,1088.05,735.71,365,82.6
534.43,15.6,71.6,237.88,24.21,820.34,916.41,56,82.6
167.88,227.55,129.63,243.23,26.14,1058.15,711.47,365,82.6
362.23,341.93,24.6,193.32,30.45,1093.69,821.69,7,82.6
268.83,216.22,177.82,139.7,10.08,899.43,891.12,28,82.6
526.82,294.42,100.67,168.69,27.64,1021.31,745.05,3,82.6
470.85,317.78,89.91,221.68,4.24,909.07,714.68,28,82.6
469.19,81.97,117.23,167.8,22.7,1130.54,777.1,180,82.6
307.29,76.21,125.02,132.69,23.89,812.5,920.04,3,82.6
283.69,219.59,14.36,191.51,21.82,1000.45,964.67,180,82.6
221.75,147.72,136.59,227.61,8.12,858.28,811.27,14,62.74
126.69,301.85,48.41,221.45,28.11,1046.0,857.66,1,82.6
480.75,323.47,142.86,143.73,5.44,861.51,954.04,28,82.6
458.05,127.02,164.59,206.03,1.73,881.97,633.28,1,82.6
539.88,85.13,160.87,149.41,23.1,971.06,686.51,90,82.6
538.53,280.52,110.56,149.12,15.31,1115.7,876.57,180,82.6
345.28,98.77,104.09,231.23,27.34,873.83,922.34,7,82.6
438.82,295.65,28.59,153.06,12.35,850.62,935.61,7,82.6
515.81,152.29,155.15,154.76,5.42,1062.09,759.46,90,82.6
474.15,239.92,54.31,121.88,26.93,973.21,629.61,14,82.6
210.34,34.34,99.39,230.81,17.67,1114.65,768.5,7,70.28
299.34,224.22,56.88,221.03,6.09,851.44,685.97,180,74.21
158.57,162.37,26.78,200.34,23.2,1023.2,710.07,7,82.6
519.87,210.83,125.97,215.73,16.46,881.11,901.83,90,82.6
367.5,60.38,10.87,140.84,19.46,854.93,624.11,3,82.6
202.15,264.83,149.8,179.18,14.84,1036.1,923.87,1,82.6
396.2,310.09,63.55,165.77,26.68,1005.23,764.47,56,82.6
372.74,77.9,0.03,133.54,26.71,1060.66,831.59,180,82.6
258.88,34.4,102.28,182.66,22.84,907.46,629.74,1,82.6
151.74,8.5,9.38,237.08,3.39,955.1,728.47,365,19.71
396.15,230.72,55.26,126.82,27.01,940.48,629.75,7,82.6
329.89,218.19,141.47,158.29,21.61,1139.53,977.27,7,82.6
440.28,196.48,12.54,147.78,22.44,901.53,915.77,14,82.6
329.83,83.36,167.95,151.62,11.69,902.42,777.21,1,82.6
475.26,140.49,0.76,235.54,28.31,922.96,683.13,365,82.6
343.74,213.65,49.39,180.4,23.36,995.22,966.08,7,82.6
347.69,178.54,148.25,180.18,3.63,887.8,731.36,14,74.7
485.97,355.01,63.29,217.02,13.13,1115.86,658.17,1,82.6
278.73,49.04,20.39,141.14,28.54,892.4,818.48,14,82.6
160.7,249.83,72.08,182.81,1.52,1109.16,970.19,1,65.9
114.61,145.31,54.11,175.63,30.96,836.6,595.53,28,82.6
432.75,153.89,168.63,196.53,21.87,1026.86,688.92,28,82.6
373.7,257.9,62.7,246.94,20.33,1113.0,968.07,90,82.6
410.39,248.86,157.87,218.14,8.71,859.05,662.19,180,82.6
195.28,356.26,178.46,171.61,8.01,1134.1,639.14,14,82.6
161.73,46.14,86.81,225.41,30.33,956.79,821.28,90,82.6
108.37,37.42,182.08,143.17,9.6,1126.33,937.53,14,58.58
255.56,260.33,75.5,125.61,24.97,1033.83,784.18,7,82.6
360.38,207.87,192.91,147.4,12.66,904.75,990.43,56,82.6
273.8,98.53,17.87,164.42,4.48,865.78,864.72,14,57.37
293.61,28.54,137.47,185.72,0.35,905.48,623.53,7,54.68
498.02,30.79,98.81,198.81,17.53,833.0,989.74,365,82.6
254.54,321.37,77.57,235.81,31.42,850.49,756.59,28,82.6
327.13,68.96,126.61,185.63,11.89,837.0,708.56,90,82.6
445.24,116.22,140.84,184.56,11.5,946.49,816.37,56,82.6
275.69,81.46,0.87,128.09,11.08,1074.68,715.3,28,81.69
374.47,127.59,33.41,126.17,16.76,849.64,628.46,90,82.6
479.72,24.95,142.68,190.81,14.19,845.83,594.57,56,82.6
517.89,186.55,133.34,176.66,28.33,1022.34,773.2,3,82.6
166.42,24.3,193.31,226.87,16.28,868.83,927.57,7,80.58
507.85,287.65,152.28,141.92,16.35,834.58,822.12,3,82.6
317.55,84.0,190.25,124.93,4.46,858.4,992.28,7,73.34
215.11,194.08,140.58,178.02,31.64,1118.76,708.34,1,82.6
303.1,316.3,59.64,151.53,8.05,1083.59,705.79,180,82.6
531.25,233.93,21.08,128.01,2.36,922.8,657.68,56,82.6
317.77,191.55,156.44,212.52,21.35,1026.6,659.4,3,82.6
245.99,116.57,128.89,135.77,19.17,985.82,707.68,180,82.6
379.43,119.68,9.64,197.96,13.37,1033.93,910.03,56,82.6
207.18,240.61,72.05,156.99,13.59,1035.84,955.03,90,82.6
135.23,357.29,191.46,143.52,25.28,1017.28,982.67,1,82.6
158.45,237.87,100.13,169.34,6.3,892.54,686.59,90,64.55
158.08,200.47,86.59,222.14,26.41,814.42,945.29,7,82.6
168.53,262.6,91.59,170.89,20.89,957.71,724.84,180,82.6
162.81,167.19,41.8,215.8,13.49,1107.5,638.98,56,73.62
382.7,21.62,73.78,137.51,14.75,996.91,940.79,14,82.6
181.66,202.09,74.0,218.55,8.26,1087.34,847.55,180,62.0
253.4,344.17,10.48,151.46,24.22,1142.12,659.66,365,82.6
494.79,63.0,153.59,206.61,16.51,857.28,765.33,3,82.6
309.6,247.99,83.34,192.64,10.33,1038.97,708.5,56,82.6
394.39,72.22,164.52,238.13,19.19,1032.96,887.69,28,82.6
177.48,192.58,170.15,170.29,32.06,1138.1,774.73,28,82.6
186.22,34.75,42.42,130.08,14.02,1140.05,988.33,7,72.27
119.9,161.86,131.54,124.2,29.65,1037.22,615.82,180,82.6
175.99,271.77,94.5,225.32,11.11,884.8,735.51,180,81.71
224.02,124.92,176.12,187.5,1.76,1075.7,786.09,28,56.56
179.53,238.97,43.17,218.86,6.58,837.82,794.55,180,63.95
140.85,285.88,135.63,151.15,13.48,1069.56,719.93,180,82.6
154.84,333.23,121.61,165.0,7.07,1114.11,884.68,7,82.6
303.82,84.33,59.09,125.57,0.01,932.69,942.67,3,63.13
192.37,143.51,27.33,242.18,29.46,1017.94,968.17,365,82.6
261.55,54.78,130.39,205.42,27.17,948.97,914.91,3,82.6
322.5,356.7,147.79,238.64,23.9,951.59,933.04,365,82.6
404.39,333.16,63.16,155.04,5.4,907.77,813.45,14,82.6
119.22,194.06,129.03,198.36,3.88,1063.17,923.2,3,54.05
452.14,302.63,79.07,206.75,2.18,1123.04,714.98,1,82.6
377.02,187.23,142.71,161.56,23.31,1124.62,752.83,14,82.6
137.81,224.12,39.86,227.98,29.91,861.12,720.32,365,82.6
484.63,32.03,178.13,240.38,13.86,1101.91,780.3,365,82.6
505.34,271.44,57.51,232.58,3.84,1054.68,707.83,14,82.6
128.75,45.9,73.59,214.33,16.5,887.98,977.3,365,68.42
223.27,296.89,11.62,156.54,11.23,824.15,718.7,56,82.6
455.12,281.06,22.31,157.06,12.07,893.19,633.08,1,82.6
429.74,254.72,103.22,242.41,20.01,1114.8,803.99,56,82.6
182.82,13.0,53.55,123.09,23.14,1018.81,616.76,365,82.6
193.7,108.94,167.18,211.45,3.56,1049.04,638.06,3,52.8
264.27,94.56,2.94,210.22,1.15,889.46,681.45,56,48.04
314.22,129.43,75.86,199.76,32.02,1048.47,779.09,3,82.6
372.8,31.5,67.5,245.76,7.49,810.67,766.69,14,71.77
263.58,336.74,3.87,160.85,1.73,930.11,912.76,180,67.36
304.59,199.04,24.89,164.36,6.11,1016.6,888.75,90,72.22
429.39,109.81,82.77,131.68,1.25,851.26,763.93,365,82.6
118.07,142.68,98.62,177.24,12.62,1084.11,727.01,90,58.55
212.57,160.72,80.9,154.48,25.84,881.85,720.14,1,82.6
414.45,215.85,106.24,164.79,10.99,1025.38,902.51,3,82.6
494.1,185.34,119.09,226.29,14.3,940.39,614.76,56,82.6
326.11,330.43,1.99,238.92,21.75,1006.04,599.11,90,82.6
335.07,178.61,92.87,145.05,16.39,837.96,911.1,7,82.6
148.94,356.58,192.8,168.44,27.74,806.82,784.19,365,82.6
297.97,306.0,103.86,238.06,27.89,1113.89,646.17,90,82.6
335.29,74.94,135.58,129.54,0.32,893.75,687.9,56,54.66
208.2,334.46,62.4,133.36,25.05,1082.97,965.7,56,82.6
219.93,41.82,154.88,142.18,14.84,1144.78,936.6,1,82.6
267.25,293.79,154.66,196.32,31.84,873.73,876.92,28,82.6
110.79,136.8,104.31,140.64,15.56,892.22,786.21,7,75.67
243.07,315.54,195.3,243.0,31.78,1029.02,801.4,90,82.6
194.61,311.98,25.12,177.73,24.3,1133.11,982.73,7,82.6
245.44,289.65,3.39,184.59,8.01,1116.04,978.96,28,77.44
154.46,283.94,154.11,152.68,17.34,973.99,679.81,90,82.6
492.05,109.5,161.51,180.76,31.95,1074.52,917.31,7,82.6
361.99,29.08,24.05,204.67,27.61,847.7,672.62,3,82.6
399.45,144.83,53.14,215.85,3.14,1137.24,679.12,56,71.67
447.66,62.36,3.51,216.18,22.75,1132.74,863.49,180,82.6
320.32,249.77,58.69,194.15,11.13,857.32,755.43,14,82.6
140.07,124.39,154.71,235.03,0.22,904.0,965.31,365,40.96
337.25,350.63,103.64,224.14,12.99,835.45,629.48,180,82.6
359.04,230.37,69.65,216.58,7.56,894.47,797.89,90,82.6
428.5,295.6,74.39,128.76,26.37,1081.69,960.12,90,82.6
291.07,47.63,0.27,122.66,10.86,931.14,954.38,7,72.2
157.88,309.81,59.99,148.4,26.65,831.41,656.39,56,82.6
226.29,331.64,129.36,204.87,0.02,918.73,740.14,28,78.1
261.03,175.05,194.94,173.28,9.91,1138.6,840.78,1,82.6
384.91,217.89,169.5,172.18,7.77,1017.61,657.53,7,82.6
352.0,274.87,4.72,232.55,7.52,944.16,979.85,1,82.6
257.97,62.84,179.8,233.92,2.2,858.29,958.62,14,50.07
534.09,180.62,156.72,235.63,6.03,1140.24,660.55,7,82.6
367.33,143.28,156.15,161.1,17.89,1083.37,642.29,14,82.6
205.91,52.61,91.64,208.32,9.38,897.83,628.04,365,52.65
146.58,132.09,79.64,155.81,13.44,825.1,956.5,7,68.03
168.95,24.5,60.61,145.66,12.14,820.48,671.18,56,56.9
209.73,9.28,13.15,144.92,28.2,842.41,759.93,56,82.6
172.38,48.58,45.67,164.63,29.15,1000.78,772.91,90,82.6
183.72,346.14,49.35,175.63,15.87,1120.49,832.77,365,82.6
226.87,197.5,96.86,225.83,10.63,971.88,622.59,90,72.63
177.94,347.12,149.56,136.81,3.44,1090.97,684.39,1,71.75
494.78,155.44,94.81,213.81,30.7,954.38,965.29,180,82.6
137.14,112.07,11.57,188.34,1.94,1044.75,956.09,28,34.64
331.74,181.91,191.65,157.85,9.58,1052.76,905.42,365,82.6
281.75,157.96,188.64,183.5,9.6,860.84,601.73,28,82.6
532.28,37.98,157.12,159.35,10.32,925.26,724.34,28,82.6
151.07,230.31,198.36,196.43,5.29,1020.23,844.3,3,69.67
276.26,77.64,108.95,176.12,25.22,825.32,703.69,7,82.6
526.63,222.68,192.65,142.38,3.94,925.37,956.56,365,82.6
481.09,233.68,15.13,136.4,20.44,984.97,846.67,90,82.6
459.88,54.64,73.17,190.25,3.99,1143.7,622.66,1,78.82
214.96,22.05,45.1,234.78,2.27,964.24,956.33,7,29.63
176.85,280.61,39.19,164.86,29.28,1081.72,975.77,3,82.6
394.87,165.25,28.17,213.57,6.12,949.63,624.98,1,72.41
509.07,20.9,124.54,204.26,26.44,1074.96,806.2,365,82.6
345.86,357.55,156.34,238.43,17.54,1005.82,714.92,180,82.6
352.37,20.77,115.72,224.59,2.51,1105.99,750.59,28,60.94
224.63,249.8,29.41,192.74,30.77,942.36,665.61,3,82.6
439.04,353.53,162.31,204.06,7.95,1008.88,824.42,1,82.6
183.93,85.96,127.25,234.28,27.68,1017.73,975.85,90,82.6
243.77,51.12,77.67,171.82,5.44,944.58,794.52,3,47.71
288.34,43.63,134.89,162.71,27.5,850.64,627.05,1,82.6
324.33,109.0,52.01,123.15,0.43,833.18,841.13,3,65.15
208.18,36.32,69.07,225.28,16.48,806.74,729.61,90,61.74
152.3,248.76,183.59,222.08,24.78,1101.5,935.17,90,82.6
369.45,22.39,58.13,134.88,30.1,882.35,767.26,56,82.6
228.42,183.09,94.04,194.02,29.28,873.76,670.87,28,82.6
356.58,358.21,178.12,179.89,26.39,1054.2,670.17,7,82.6
169.61,292.54,141.62,136.66,28.6,911.09,900.43,7,82.6
312.74,221.11,12.45,244.57,6.41,975.08,699.86,365,73.54
335.27,110.07,29.48,148.68,9.15,856.9,899.82,14,82.46
124.7,224.23,1.57,130.22,9.3,1131.15,676.07,365,61.0
249.43,189.42,126.25,196.27,12.14,1093.94,722.22,14,82.6
160.87,153.13,89.58,214.31,12.66,1098.14,779.54,3,67.19
129.76,46.98,26.87,125.86,17.53,940.93,969.96,14,58.34
535.6,318.65,191.68,204.27,5.15,1063.25,965.39,56,82.6
243.19,161.65,105.98,188.44,22.26,850.49,676.46,56,82.6
456.73,69.95,48.4,134.73,5.4,803.96,736.79,28,82.6
213.53,132.17,100.17,143.4,9.99,807.87,653.55,1,67.96
400.5,148.84,135.99,192.91,16.21,1002.79,797.28,7,82.6
434.98,297.42,15.26,158.9,25.65,957.66,777.59,28,82.6
362.89,263.66,54.97,239.28,23.81,979.2,953.04,56,82.6
308.55,276.49,161.47,224.31,20.79,803.57,964.7,1,82.6
282.39,3.96,91.98,244.94,5.02,946.4,746.89,365,48.57
254.8,149.57,109.37,154.31,17.61,1048.02,790.01,7,82.6
509.13,173.0,86.61,243.21,2.82,953.29,951.24,7,82.6
465.81,6.9,8.78,175.79,12.15,1052.88,915.55,3,82.6
524.68,93.38,33.17,165.31,13.32,881.16,595.46,180,82.6
156.44,273.25,89.15,128.1,1.28,1080.72,721.58,7,56.52
422.12,49.28,41.86,128.41,8.82,1003.42,762.12,56,82.6
512.99,192.39,10.0,208.44,30.77,873.5,685.56,3,82.6
181.38,77.34,168.81,179.13,30.71,882.43,673.55,90,82.6
131.13,4.36,196.34,150.16,11.34,1017.04,609.06,14,66.11
426.61,86.69,158.71,198.67,1.39,1086.5,850.45,365,71.95
353.62,350.73,170.84,153.46,5.77,943.98,698.64,365,82.6
470.72,288.07,48.42,194.12,12.63,889.86,614.87,90,82.6
163.22,344.87,192.22,166.77,30.52,1099.25,686.07,180,82.6
450.33,175.33,39.4,224.91,4.55,1031.23,913.64,7,82.6
190.31,39.44,190.38,224.55,24.59,955.14,933.4,28,82.6
173.68,196.94,199.06,181.56,3.5,968.84,786.55,3,62.34
173.95,163.3,142.42,165.72,31.6,871.26,759.85,90,82.6
458.78,303.46,196.33,167.19,12.29,1016.62,983.77,180,82.6
393.36,35.25,113.96,222.68,24.96,924.41,673.95,365,82.6
331.1,175.47,51.93,162.89,11.03,1143.5,679.84,90,82.6
259.17,53.93,87.44,147.97,20.21,966.18,710.34,180,82.6
486.21,116.69,118.77,132.4,6.18,968.14,662.86,365,82.6
273.89,265.01,14.62,180.23,4.7,995.65,745.22,56,71.15
459.67,171.08,124.53,182.16,30.21,1116.36,957.06,3,82.6
294.34,135.09,196.33,227.08,29.55,1076.48,839.28,3,82.6
267.1,141.77,38.04,149.5,28.58,956.19,758.2,14,82.6
304.65,165.13,158.6,169.5,20.14,1048.23,966.46,365,82.6
234.0,282.13,181.67,223.01,26.03,1002.67,613.32,90,82.6
429.45,320.62,188.83,224.92,2.22,970.37,677.82,3,82.6
322.19,343.35,192.12,169.95,10.78,867.16,819.56,180,82.6
203.71,282.81,104.34,179.28,10.1,960.59,839.36,90,82.6
496.01,113.36,195.56,159.77,20.47,885.56,609.77,365,82.6
270.14,247.32,151.54,238.56,11.46,1115.71,754.65,180,82.6
340.08,157.27,32.35,136.65,4.78,916.38,852.75,7,74.05
499.03,91.53,95.43,238.71,19.21,1128.58,872.25,1,82.6
375.42,302.21,143.74,207.42,26.22,984.37,848.36,3,82.6
153.2,13.81,49.49,188.35,12.3,1018.25,721.78,3,47.05
513.65,324.09,128.19,125.89,4.26,987.77,631.28,14,82.6
376.94,165.86,133.39,181.34,6.33,845.51,764.25,56,82.6
248.69,229.01,32.56,172.85,7.65,930.28,645.32,14,64.65
163.0,236.97,113.07,141.98,9.66,835.11,971.72,365,82.6
449.78,321.71,154.4,203.98,20.7,1015.3,783.4,14,82.6
373.59,228.82,99.83,243.39,19.35,954.72,720.46,56,82.6
335.66,220.65,2.42,192.19,22.41,1068.63,899.45,56,82.6
493.52,23.95,1.81,211.29,11.67,876.84,792.48,1,82.6
447.41,186.32,71.44,130.37,26.53,857.61,717.58,180,82.6
168.43,53.97,185.33,174.09,6.57,940.78,917.65,7,58.44
238.53,265.03,45.76,136.37,15.1,1119.75,939.65,56,82.6
210.84,184.09,126.94,198.52,25.79,1045.39,862.26,7,82.6
427.85,244.47,44.44,239.3,5.8,945.11,612.72,3,82.6
116.69,14.98,64.37,204.65,3.54,978.94,819.74,28,33.87
351.61,30.47,169.69,131.42,28.45,829.97,898.25,1,82.6
435.96,257.45,145.85,166.2,11.04,1139.69,648.41,365,82.6
486.02,25.91,19.09,190.74,22.02,1030.24,685.15,90,82.6
251.83,25.61,85.78,172.28,0.82,899.18,945.76,7,40.62
461.71,4.35,5.84,226.17,22.22,1002.52,602.02,14,82.6
150.46,343.77,96.23,223.8,10.18,838.66,894.04,56,78.7
472.75,265.06,132.55,198.4,1.79,1133.25,782.85,7,82.6
157.84,126.96,23.71,168.56,19.64,861.13,772.08,90,82.6
276.01,106.57,57.81,153.77,7.75,1023.92,596.83,56,72.96
451.22,125.68,79.61,135.06,12.46,885.44,920.61,365,82.6
167.66,278.41,184.0,166.23,2.59,1047.84,737.43,28,63.93
202.41,237.7,198.75,173.53,4.74,1068.23,809.55,14,74.02
418.35,66.56,8.99,206.41,9.59,1032.66,863.97,7,81.98
417.38,62.57,152.28,204.2,2.89,1012.39,874.07,1,81.28
382.82,35.36,74.38,130.58,29.33,1108.01,975.05,7,82.6
405.95,237.31,78.53,171.29,0.19,828.05,805.79,7,82.6
339.71,274.72,150.93,144.56,15.58,914.83,753.33,90,82.6
212.29,95.26,183.78,141.43,3.97,886.41,974.15,90,62.79
253.41,7.53,190.28,225.38,9.91,1140.88,849.95,1,72.5
181.54,29.53,115.48,127.05,29.82,934.95,712.84,7,82.6
499.9,347.85,71.46,174.28,5.21,1053.02,644.41,180,82.6
357.53,106.18,157.59,142.86,31.1,1036.55,929.84,365,82.6
277.57,276.46,50.23,231.89,6.63,873.96,738.37,90,68.32
304.36,224.5,112.87,191.54,23.88,883.22,857.26,90,82.6
516.91,137.27,71.75,150.77,17.6,897.76,781.67,180,82.6
169.17,73.92,131.39,184.7,28.48,942.43,673.29,56,82.6
358.77,43.63,48.1,213.38,17.84,881.61,833.83,7,82.6
323.58,221.04,38.34,241.76,17.21,807.76,618.19,1,82.6
369.82,278.4,183.74,149.4,6.29,1103.51,758.76,90,82.6
109.93,231.42,20.37,232.75,5.35,1133.17,811.88,1,46.46
483.99,190.59,101.24,238.77,29.51,918.5,767.81,1,82.6
510.27,15.08,44.19,236.54,10.56,917.45,892.42,365,82.6
349.53,348.07,7.79,201.35,11.98,803.44,924.01,90,82.6
407.13,287.06,7.21,200.65,24.47,1035.01,901.42,14,82.6
506.05,105.24,35.06,172.28,10.91,1084.95,609.47,56,82.6
411.77,352.2,173.44,216.0,30.66,851.43,671.38,1,82.6
168.81,216.32,56.52,188.32,23.76,855.93,807.89,90,82.6
354.41,209.32,190.19,206.62,19.24,1072.79,966.62,56,82.6
367.74,268.86,116.38,175.44,28.36,1013.0,926.81,14,82.6
287.77,291.75,87.37,213.38,1.6,816.43,929.83,90,75.07
424.56,235.94,116.08,225.02,8.28,1015.16,714.86,7,82.6
511.25,46.04,103.39,140.13,14.97,907.27,765.18,1,82.6
507.4,121.57,151.83,226.08,7.31,927.84,781.62,14,82.6
299.47,333.55,56.53,189.45,23.95,1065.79,656.73,7,82.6
151.6,80.73,70.65,227.55,29.6,1079.96,606.38,1,82.6
533.36,133.76,178.91,175.8,13.65,938.72,971.44,3,82.6
469.44,155.29,189.39,169.26,11.02,1126.82,689.95,28,82.6
156.6,157.92,178.6,236.37,30.96,940.82,689.64,180,82.6
505.33,220.29,83.93,153.25,14.32,1066.51,627.23,1,82.6
483.01,338.94,156.15,227.5,15.75,967.45,964.1,14,82.6
329.25,86.5,95.31,182.4,11.32,1109.75,825.08,14,82.6
360.98,43.67,99.56,186.16,29.29,1113.27,859.88,28,82.6
276.76,70.97,40.96,160.42,18.32,831.07,957.35,90,82.6
125.99,318.76,118.29,193.54,24.54,1123.15,731.76,180,82.6
248.82,232.1,37.25,162.52,26.14,1084.98,841.73,56,82.6
453.65,102.75,66.35,126.72,11.01,1073.21,609.47,1,82.6
104.03,293.25,171.09,155.85,13.96,870.11,668.45,90,82.6
248.07,309.58,41.44,122.6,27.32,1077.96,925.33,7,82.6
276.4,304.24,14.24,244.29,11.7,1093.45,899.63,56,82.6
337.38,330.26,13.81,242.71,25.56,900.47,733.77,180,82.6
504.9,90.66,188.25,171.27,30.3,1128.58,744.2,90,82.6
253.7,271.36,101.43,212.99,20.07,818.15,806.67,56,82.6
253.97,165.52,81.92,165.09,23.88,852.57,594.1,365,82.6
425.03,302.61,162.26,205.82,25.92,985.93,690.16,365,82.6
300.07,261.82,167.25,222.64,27.21,999.07,677.0,1,82.6
200.38,279.06,66.47,240.33,12.72,1022.93,693.84,1,82.6
300.17,235.82,138.79,171.91,1.65,806.84,915.23,1,80.58
163.7,63.77,154.3,219.87,12.94,1131.37,705.48,180,63.29
179.26,195.88,131.0,155.09,21.69,816.34,670.34,90,82.6
320.29,353.89,30.33,245.79,14.5,850.21,795.0,7,82.6
285.49,336.9,175.26,125.03,24.12,805.82,939.05,3,82.6
502.7,15.52,107.87,197.36,11.49,996.0,690.2,14,82.6
260.73,59.23,56.52,204.37,20.44,1121.7,625.3,7,82.6
356.3,47.34,85.09,207.94,6.0,1030.09,736.06,90,74.7
378.93,260.92,7.52,136.87,24.13,1083.99,892.01,180,82.6
107.74,293.91,25.59,239.3,17.57,805.57,813.51,56,75.07
392.63,76.74,153.19,144.48,6.57,987.45,919.57,7,82.6
179.98,181.8,0.0,199.77,9.4,959.09,976.49,56,64.4
522.95,302.15,83.35,149.68,24.11,972.64,909.96,3,82.6
167.11,263.37,104.55,160.26,15.54,825.84,834.68,90,82.6
283.61,194.88,10.93,190.22,6.96,1036.45,790.65,90,73.25
139.38,212.17,194.71,174.03,31.15,974.11,609.97,14,82.6
538.63,182.7,45.25,141.86,23.03,1064.21,986.35,180,82.6
321.96,106.94,60.87,143.2,30.82,967.94,746.86,14,82.6
362.78,203.07,60.82,174.15,13.75,852.39,654.68,90,82.6
131.38,247.59,46.11,216.61,15.3,1024.0,859.75,14,82.38
430.48,313.87,0.29,234.23,28.91,860.3,707.32,28,82.6
193.94,228.68,145.94,132.33,16.91,1101.1,827.49,90,82.6
495.35,273.55,193.47,171.02,22.77,1011.91,827.89,7,82.6
191.85,57.53,44.88,134.35,8.12,855.08,771.67,28,54.25
185.52,165.88,132.68,123.88,14.38,1132.04,927.28,7,82.6
118.01,3.35,148.45,204.65,3.98,979.32,699.62,28,27.96
308.77,88.66,169.77,197.23,6.63,826.08,772.82,7,82.6
349.4,261.09,84.57,142.21,0.03,1016.63,808.32,90,82.6
130.78,356.46,60.62,151.07,1.26,888.1,858.52,1,58.35
441.68,35.64,65.09,124.77,31.47,1077.47,906.49,365,82.6
300.54,144.3,142.6,226.34,7.8,1082.33,751.37,365,82.6
331.68,287.55,163.44,243.83,21.36,1137.76,851.51,28,82.6
295.05,73.33,36.34,138.76,27.02,973.64,654.03,365,82.6
277.53,199.5,74.23,150.78,17.73,957.51,965.75,56,82.6
347.12,263.47,180.48,230.52,4.93,1060.2,746.69,28,82.6
170.0,221.39,161.42,237.79,23.45,846.57,884.79,7,82.6
181.68,67.58,197.07,174.34,19.33,989.14,602.11,180,82.6
479.46,127.73,150.93,128.14,23.55,988.91,675.79,14,82.6
516.4,281.69,78.68,126.73,24.79,831.78,788.15,7,82.6
265.51,199.19,118.19,193.66,31.41,944.79,944.07,56,82.6
220.59,1.88,132.27,170.99,18.47,1094.53,804.16,180,82.6
384.07,273.5,15.7,125.39,11.0,1095.52,964.65,365,82.6
281.03,12.69,108.95,194.82,20.88,835.14,786.84,56,82.6
113.12,268.02,141.94,123.22,2.2,832.21,789.49,28,52.44
170.39,72.77,33.48,220.38,28.9,891.37,641.73,3,82.6
415.6,344.33,156.2,160.17,3.84,1101.92,913.94,3,82.6
390.61,132.24,116.81,126.84,10.56,845.34,692.44,365,82.6
113.87,117.5,190.54,195.46,26.27,1048.68,952.59,3,82.6
199.22,53.51,8.49,171.59,19.23,835.8,957.05,3,82.6
203.21,109.83,53.09,243.72,12.68,1015.36,970.0,7,75.97
396.29,315.07,120.37,189.93,15.24,923.49,801.36,7,82.6
110.63,358.08,59.34,156.26,27.52,1072.39,863.89,14,82.6
147.6,132.37,142.96,210.62,10.95,881.39,904.32,90,59.71
452.36,161.23,151.88,155.79,28.0,1020.89,646.22,365,82.6
180.2,259.51,20.51,235.01,2.84,882.07,833.54,3,55.23
387.9,318.5,102.82,168.72,25.01,1046.5,607.67,14,82.6
206.32,213.14,101.83,190.64,27.29,1101.55,792.33,365,82.6
145.56,140.71,73.89,128.13,5.85,844.62,655.72,3,37.79
208.51,148.3,186.68,175.15,13.86,1099.11,666.91,1,82.6
418.35,250.01,165.58,226.01,5.33,1005.19,739.51,180,82.6
476.8,1.16,139.51,222.67,22.75,844.73,766.37,365,82.6
465.64,222.68,142.94,149.88,17.24,948.07,842.4,90,82.6
275.97,127.76,92.39,150.11,20.46,856.34,623.67,180,82.6
394.62,285.43,184.29,224.13,6.33,1041.92,794.77,14,82.6
191.78,33.42,138.99,238.29,6.82,1062.05,666.79,14,43.55
230.4,211.4,145.87,133.74,1.34,837.39,822.79,3,63.25
494.6,172.86,172.42,178.15,10.37,975.11,848.07,180,82.6
107.69,230.85,54.84,164.05,18.02,1081.23,815.9,3,80.28
139.45,23.31,161.49,230.81,27.63,1123.04,888.28,365,82.6
193.05,208.45,39.07,132.26,21.48,977.65,727.77,14,82.6
113.62,201.8,69.1,148.23,14.02,1127.9,898.97,1,76.06
181.47,201.5,67.16,216.01,30.69,985.28,766.5,14,82.6
357.37,216.89,195.8,128.22,23.16,936.6,787.0,7,82.6
286.58,243.12,171.39,183.47,29.95,1092.78,852.33,56,82.6
492.99,289.31,140.3,177.15,16.99,970.59,601.32,90,82.6
460.04,96.97,145.48,163.67,8.34,963.33,854.68,180,82.6
251.72,296.52,112.47,171.2,1.7,969.67,840.57,3,69.64
215.63,179.07,189.51,188.15,23.38,1092.29,717.51,56,82.6
268.31,27.69,99.3,142.0,3.91,1087.19,628.2,56,53.39
360.55,21.04,76.14,193.41,9.75,939.81,630.25,28,79.29
219.41,120.13,32.62,222.64,17.15,915.66,962.0,90,70.86
375.38,282.09,157.32,216.97,18.17,970.22,868.75,7,82.6
281.32,254.34,146.96,141.07,19.34,998.03,644.66,14,82.6
343.8,283.43,76.91,140.49,5.35,882.99,736.19,365,82.6
293.02,185.91,5.04,155.38,12.23,1074.12,830.16,14,82.6
230.98,158.21,167.88,167.01,19.87,968.35,927.06,7,82.6
517.42,52.99,2.28,172.94,31.23,915.91,611.4,3,82.6
436.46,117.95,140.81,206.9,23.43,837.75,688.32,28,82.6
163.37,155.99,194.15,128.9,29.71,883.16,948.65,14,82.6
482.39,31.84,87.58,126.14,24.54,1127.55,597.65,180,82.6
315.49,79.29,47.02,170.87,19.05,905.95,674.28,90,82.6
493.81,215.0,141.04,209.08,6.18,859.09,976.27,56,82.6
452.34,264.4,163.51,146.02,21.47,959.47,838.5,3,82.6
288.24,358.81,109.34,202.12,20.07,906.64,698.3,7,82.6
111.84,335.36,193.5,154.33,19.4,813.09,620.7,365,82.6
219.68,230.94,10.34,232.74,15.77,912.16,605.24,365,77.89
339.24,151.4,101.01,233.94,17.02,988.17,691.56,28,82.6
379.46,228.64,143.76,159.02,10.77,990.79,945.36,7,82.6
214.95,282.36,172.61,150.6,16.72,923.66,759.78,3,82.6
163.04,42.53,35.87,173.3,6.36,954.87,881.12,180,53.51
467.7,147.32,160.08,151.91,25.93,1133.14,960.03,56,82.6
533.17,301.82,110.6,205.98,5.98,930.81,756.64,90,82.6
332.25,137.95,79.35,225.22,2.74,889.83,670.24,1,66.85
177.2,205.53,26.36,206.07,14.05,884.75,800.12,1,74.6
221.27,211.24,173.15,225.01,21.2,958.47,955.96,3,82.6
110.06,66.3,31.47,171.5,14.09,1062.27,914.62,7,55.57
502.46,130.19,61.99,141.37,8.91,871.86,620.24,1,82.6
153.57,120.22,58.04,214.19,17.97,1045.0,870.06,28,72.74
354.51,9.42,174.37,166.93,11.17,808.28,821.96,7,82.6
222.04,8.69,134.61,205.84,30.04,945.11,955.71,1,82.6
344.73,298.91,159.42,155.68,29.71,1067.9,642.82,180,82.6
387.32,98.14,50.12,131.97,16.18,917.52,806.87,56,82.6
465.43,186.2,125.04,246.07,10.56,994.93,944.55,365,82.6
192.41,107.36,114.41,141.36,23.74,871.51,757.44,7,82.6
106.82,338.08,166.65,245.55,1.18,1056.25,786.12,365,48.38
161.96,93.19,181.31,244.16,15.29,818.98,622.09,365,68.97
496.21,154.42,2.43,221.19,10.83,1094.27,704.87,1,82.6
484.76,313.66,134.87,204.36,29.64,869.18,723.35,7,82.6
363.67,302.59,10.37,194.14,0.39,1101.79,970.73,56,80.61
365.03,66.88,109.83,230.24,17.8,922.27,706.67,180,82.6
393.29,288.47,57.56,158.04,23.85,1049.6,777.7,14,82.6
178.81,164.67,61.39,180.35,15.62,910.81,861.58,28,82.6
502.51,173.58,70.63,199.35,2.75,1112.63,658.65,365,82.6
285.42,47.97,124.32,173.28,31.31,844.56,787.9,56,82.6
269.81,28.97,66.84,175.32,16.68,862.41,888.38,90,82.6
329.29,261.62,146.61,163.15,19.78,970.6,939.53,90,82.6
122.57,178.43,80.95,192.44,7.62,829.19,843.63,14,63.08
174.83,157.0,13.68,228.29,15.57,868.42,860.68,14,67.13
425.26,262.19,156.83,147.03,13.82,1125.66,644.34,14,82.6
138.27,275.13,57.18,238.79,2.41,1136.91,970.99,28,54.05
366.18,57.11,86.6,208.07,3.42,930.43,646.84,28,63.69
209.46,219.31,137.16,224.87,26.97,1118.61,902.78,180,82.6
272.51,48.65,66.52,191.44,7.72,988.42,699.56,365,66.62
228.45,270.04,11.32,219.4,6.28,893.79,966.13,3,76.49
257.78,236.11,74.82,123.83,16.26,1042.63,880.98,90,82.6
416.94,343.81,188.98,224.26,24.75,1027.66,894.47,1,82.6
232.14,24.78,128.41,126.83,1.99,1141.26,681.32,1,47.72
350.09,20.51,134.36,233.22,18.57,892.18,770.6,14,82.6
310.51,101.42,126.52,245.99,3.84,1032.19,840.26,90,65.27
392.69,94.06,39.82,158.62,1.17,818.9,900.91,3,66.74
512.33,88.76,83.71,148.13,1.7,840.09,635.44,3,81.55
422.87,325.71,150.26,217.62,26.86,802.35,977.6,1,82.6
196.14,89.69,20.28,153.48,3.8,1144.81,948.84,3,55.83
115.66,97.74,55.6,230.17,1.45,1076.98,701.76,90,27.14
216.87,272.93,55.29,134.68,14.1,1071.63,921.95,365,82.6
362.64,161.64,86.45,137.57,27.18,976.35,800.6,56,82.6
124.52,279.15,196.17,244.39,8.45,904.22,778.08,3,72.87
319.41,23.49,13.51,206.16,13.58,853.03,719.33,365,80.59
363.42,175.23,103.79,227.83,1.29,898.93,825.57,90,74.82
248.4,12.08,35.89,162.41,14.46,930.33,884.93,1,70.32
439.66,22.52,194.23,206.5,18.6,1061.17,757.8,365,82.6
148.69,325.77,22.67,196.2,18.38,986.64,844.81,3,82.6
134.91,50.04,80.76,197.31,10.7,827.65,872.75,14,51.33
420.95,191.35,147.65,207.25,10.16,807.2,877.45,365,82.6
319.03,147.75,140.98,193.83,3.43,836.2,614.71,14,74.91
403.52,124.84,84.59,175.52,11.81,942.21,936.7,7,82.6
292.45,323.4,69.34,156.35,3.2,1122.02,776.66,1,82.6
209.92,7.84,79.56,218.03,24.68,1020.27,698.6,90,82.6
460.77,238.57,52.88,150.13,31.11,1076.83,690.37,56,82.6
452.14,346.24,41.09,208.48,31.24,961.43,786.53,14,82.6
406.28,201.32,96.66,151.01,27.86,925.41,947.49,56,82.6
221.2,336.69,53.73,200.09,19.35,838.29,744.81,56,82.6
360.52,18.78,57.52,215.33,22.57,1102.32,892.84,14,82.6
260.11,150.51,131.42,149.18,9.18,1070.41,632.59,56,82.6
142.11,93.5,193.8,129.3,20.31,858.83,783.76,180,82.6
503.78,262.66,120.79,138.2,14.67,977.22,989.29,7,82.6
161.93,352.68,15.4,197.67,15.52,968.66,901.1,14,82.6
518.2,92.2,15.12,228.15,24.4,1016.03,677.92,1,82.6
297.35,235.11,190.38,127.43,9.08,1126.49,793.87,14,82.6
183.09,71.2,59.49,213.72,10.24,1000.44,687.12,365,55.07
339.35,203.18,18.42,164.53,29.77,986.83,757.25,180,82.6
484.35,166.74,119.87,181.71,1.81,818.31,904.94,14,82.6
422.71,349.34,124.79,238.09,15.64,822.64,901.41,90,82.6
455.27,218.7,129.77,163.36,29.39,865.45,684.92,7,82.6
390.55,125.61,53.51,180.06,19.65,812.17,961.6,365,82.6
405.22,41.01,3.02,123.51,17.59,1056.71,830.2,14,82.6
473.95,54.36,193.1,132.02,8.04,1049.83,745.44,3,82.6
211.35,80.98,50.2,154.18,11.05,847.8,794.07,28,71.4
316.37,90.2,135.27,125.29,27.44,1088.61,835.18,3,82.6
198.89,305.71,141.4,200.85,18.01,854.25,817.17,56,82.6
534.6,201.7,122.06,175.19,16.57,904.6,787.88,1,82.6
515.5,188.11,62.61,190.43,3.21,886.65,795.27,56,82.6
119.27,41.25,54.25,143.67,0.52,929.07,664.32,14,14.3
411.04,309.13,119.59,158.85,31.03,888.6,917.96,7,82.6
507.26,259.78,173.31,204.91,12.14,969.2,809.95,3,82.6
181.09,24.32,189.44,242.66,19.42,941.15,646.25,90,80.98
350.76,254.4,21.19,128.11,2.57,1140.38,899.39,365,82.6
502.98,195.35,30.98,233.28,22.0,820.24,965.67,7,82.6
116.87,29.37,189.04,194.03,30.03,849.91,971.6,56,82.6
407.47,164.71,147.38,192.4,18.54,819.17,741.09,365,82.6
232.24,174.2,176.69,184.43,4.06,1016.29,648.02,3,74.13
506.89,59.58,40.55,130.49,18.73,819.75,800.63,90,82.6
527.32,339.88,117.58,133.05,24.68,1088.74,638.89,28,82.6
515.59,305.48,140.3,197.03,13.09,977.11,966.29,28,82.6
309.71,240.45,136.09,164.49,28.33,982.29,667.17,90,82.6
479.57,166.15,81.67,236.64,20.89,994.19,694.75,365,82.6
471.91,147.99,3.08,172.71,28.96,859.76,756.09,14,82.6
241.77,233.96,116.64,139.74,20.08,869.01,746.73,365,82.6
465.06,196.03,50.65,211.28,4.23,910.67,910.75,365,82.6
